timestamp,raw_value,attention
1615014454.1868212,148,0
1615014454.195533,316,0
1615014454.201778,315,0
1615014454.211832,315,0
1615014454.2180622,102,0
1615014454.22806,52,0
1615014454.234293,173,0
1615014454.24428,188,0
1615014454.2555132,9,0
1615014454.261824,-20,0
1615014454.2730482,-150,0
1615014454.280544,-196,0
1615014454.286826,-126,0
1615014454.2980878,-180,0
1615014454.3043258,-162,0
1615014454.315543,-77,0
1615014454.323025,-113,0
1615014454.333029,-28,0
1615014454.341861,-24,0
1615014454.346812,53,0
1615014454.356828,66,0
1615014454.3655648,152,0
1615014454.366955,167,0
1615014454.366955,167,0
1615014454.366955,167,0
1615014454.366955,167,0
1615014454.410513,225,0
1615014454.418703,198,0
1615014454.426742,164,0
1615014454.4358668,71,0
1615014454.4442759,-68,0
1615014454.453061,-62,0
1615014454.460587,12,0
1615014454.4680698,-67,0
1615014454.471752,-60,0
1615014454.485569,-46,0
1615014454.4943109,-66,0
1615014454.499997,-25,0
1615014454.5105531,-91,0
1615014454.5180259,-690,0
1615014454.526776,-1985,0
1615014454.533074,-2048,0
1615014454.544245,-2048,0
1615014454.551759,-2048,0
1615014454.560531,-2048,0
1615014454.570533,-1922,0
1615014454.580587,-1474,0
1615014454.586768,-1262,0
1615014454.598078,-999,0
1615014454.606775,-854,0
1615014454.614285,-700,0
1615014454.624251,-572,0
1615014454.6330838,-529,0
1615014454.640492,-428,0
1615014454.650518,-331,0
1615014454.656776,-306,0
1615014454.666966,-280,0
1615014454.670837,-267,0
1615014454.670837,-267,0
1615014454.670837,-267,0
1615014454.670837,-267,0
1615014454.7144032,-214,0
1615014454.72205,-57,0
1615014454.730647,-35,0
1615014454.7355871,-24,0
1615014454.746971,-10,0
1615014454.7518668,-4,0
1615014454.7630668,144,0
1615014454.771827,224,0
1615014454.781795,790,0
1615014454.781795,790,0
1615014454.800738,1415,0
1615014454.8082309,2047,0
1615014454.8169332,2047,0
1615014454.824394,2047,0
1615014454.8332071,2047,0
1615014454.84182,1997,0
1615014454.849306,1721,0
1615014454.859621,1497,0
1615014454.868532,1219,0
1615014454.876797,1057,0
1615014454.88554,950,0
1615014454.8942988,769,0
1615014454.9018419,668,0
1615014454.9080472,625,0
1615014454.919318,491,0
1615014454.928073,432,0
1615014454.9355981,376,0
1615014454.944384,342,0
1615014454.9519029,292,0
1615014454.960562,250,0
1615014454.968792,235,0
1615014454.968792,235,0
1615014454.968792,235,0
1615014454.968792,235,0
1615014454.968792,235,0
1615014454.968792,235,0
1615014455.0193,216,0
1615014455.0295491,105,0
1615014455.038006,97,0
1615014455.044259,89,0
1615014455.055546,83,0
1615014455.064513,76,0
1615014455.0718231,72,0
1615014455.080557,69,0
1615014455.089352,67,0
1615014455.094379,65,0
1615014455.104406,61,0
1615014455.114538,59,0
1615014455.122205,57,0
1615014455.130975,56,0
1615014455.137028,55,0
1615014455.1484532,54,0
1615014455.155605,54,0
1615014455.1644878,53,0
1615014455.1731951,52,0
1615014455.182903,52,0
1615014455.192117,52,0
1615014455.201239,51,0
1615014455.2118888,51,0
1615014455.218345,51,0
1615014455.226759,51,0
1615014455.2381692,50,0
1615014455.2418501,50,0
1615014455.251864,50,0
1615014455.2643561,50,0
1615014455.2683709,50,0
1615014455.2683709,50,0
1615014455.2683709,50,0
1615014455.2683709,50,0
1615014455.2683709,50,0
1615014455.315774,50,0
1615014455.32813,51,0
1615014455.3329458,51,0
1615014455.344619,52,0
1615014455.350709,52,0
1615014455.361834,51,0
1615014455.364336,51,0
1615014455.3792472,51,0
1615014455.3880599,52,0
1615014455.398046,52,0
1615014455.405545,52,0
1615014455.41433,49,0
1615014455.419318,49,0
1615014455.419318,49,0
1615014455.444227,53,0
1615014455.451767,52,0
1615014455.461807,52,0
1615014455.461807,52,0
1615014455.478186,52,0
1615014455.485918,51,0
1615014455.498836,51,0
1615014455.506848,52,0
1615014455.5156,51,0
1615014455.516864,51,0
1615014455.530632,52,0
1615014455.540607,51,0
1615014455.5480561,51,0
1615014455.5480561,51,0
1615014455.56688,51,0
1615014455.56688,51,0
1615014455.56688,51,0
1615014455.56688,51,0
1615014455.56688,51,0
1615014455.6105092,51,0
1615014455.618305,52,0
1615014455.627103,51,0
1615014455.638478,51,0
1615014455.645955,50,0
1615014455.655933,48,0
1615014455.665786,43,0
1615014455.674538,43,0
1615014455.680659,43,0
1615014455.6892369,42,0
1615014455.6980438,44,0
1615014455.7093928,36,0
1615014455.718102,36,0
1615014455.72597,17,0
1615014455.734399,6,0
1615014455.745943,25,0
1615014455.753079,12,0
1615014455.7622569,19,0
1615014455.770591,6,0
1615014455.7808378,9,0
1615014455.789579,6,0
1615014455.798047,-4,0
1615014455.8056278,-6,0
1615014455.818242,-29,0
1615014455.82686,-25,0
1615014455.836757,-14,0
1615014455.845501,-36,0
1615014455.8517828,-43,0
1615014455.8604748,-20,0
1615014455.8655171,-28,0
1615014455.8655171,-28,0
1615014455.8655171,-28,0
1615014455.8655171,-28,0
1615014455.8655171,-28,0
1615014455.912086,-38,0
1615014455.917174,-52,0
1615014455.917174,-52,0
1615014455.941966,-21,0
1615014455.952188,-117,0
1615014455.958133,-139,0
1615014455.968123,-266,0
1615014455.975577,-214,0
1615014455.9856372,-184,0
1615014455.9908018,-153,0
1615014456.0055182,-119,0
1615014456.0145469,-92,0
1615014456.0231092,-120,0
1615014456.032382,-193,0
1615014456.04052,-140,0
1615014456.050526,-87,0
1615014456.0569851,-102,0
1615014456.0569851,-102,0
1615014456.0569851,-102,0
1615014456.086947,0,0
1615014456.095813,57,0
1615014456.101755,51,0
1615014456.114696,64,0
1615014456.123123,18,0
1615014456.1318898,-189,0
1615014456.1395168,-277,0
1615014456.151956,-165,0
1615014456.1594071,-165,0
1615014456.1683269,-133,0
1615014456.1683269,-133,0
1615014456.1683269,-133,0
1615014456.1683269,-133,0
1615014456.1683269,-133,0
1615014456.213121,-139,0
1615014456.218136,-130,0
1615014456.236299,-2048,0
1615014456.245611,-1923,0
1615014456.2505689,-1851,0
1615014456.262018,-1474,0
1615014456.270477,-1170,0
1615014456.280622,-962,0
1615014456.2880461,-854,0
1615014456.299298,-674,0
1615014456.3080819,-550,0
1615014456.318083,-449,0
1615014456.328332,-362,0
1615014456.33555,-306,0
1615014456.3406122,-293,0
1615014456.351997,-225,0
1615014456.3630059,-161,0
1615014456.3731,-132,0
1615014456.3817759,-90,0
1615014456.391901,325,0
1615014456.400555,1431,0
1615014456.408554,2047,0
1615014456.4155562,2047,0
1615014456.419958,2047,0
1615014456.425792,2047,0
1615014456.425792,2047,0
1615014456.425792,2047,0
1615014456.425792,2047,0
1615014456.465645,2047,0
1615014456.465645,2047,0
1615014456.465645,2047,0
1615014456.465645,2047,0
1615014456.465645,2047,0
1615014456.513269,2047,0
1615014456.5181692,2047,0
1615014456.531989,714,0
1615014456.5394828,473,0
1615014456.547791,402,0
1615014456.554324,353,0
1615014456.564348,300,0
1615014456.571765,265,0
1615014456.581739,229,0
1615014456.5905778,211,0
1615014456.597992,182,0
1615014456.60428,165,0
1615014456.615508,148,0
1615014456.624304,131,0
1615014456.6323829,118,0
1615014456.6417239,105,0
1615014456.6504571,98,0
1615014456.659242,91,0
1615014456.667985,84,0
1615014456.675488,81,0
1615014456.682966,74,0
1615014456.693099,70,0
1615014456.7004979,68,0
1615014456.709273,66,0
1615014456.7182322,66,0
1615014456.727985,64,0
1615014456.736734,60,0
1615014456.746698,59,0
1615014456.755488,57,0
1615014456.765483,0,0
1615014456.76797,-40,0
1615014456.76797,-40,0
1615014456.76797,-40,0
1615014456.76797,-40,0
1615014456.806855,-100,0
1615014456.814323,-361,0
1615014456.826741,-2048,0
1615014456.835478,-2048,0
1615014456.841744,-1851,0
1615014456.855561,-1418,0
1615014456.864257,-1169,0
1615014456.869277,-1080,0
1615014456.8792279,-999,0
1615014456.8887339,-727,0
1615014456.898027,-107,0
1615014456.906741,584,0
1615014456.915497,1857,0
1615014456.9208362,2047,0
1615014456.934942,2047,0
1615014456.94143,2047,0
1615014456.9469619,2047,0
1615014456.95712,2047,0
1615014456.970669,1894,0
1615014456.980619,682,0
1615014456.988225,-916,0
1615014456.996814,-1958,0
1615014457.004292,-2048,0
1615014457.006756,-2048,0
1615014457.0220249,-2048,0
1615014457.030512,-1859,0
1615014457.035469,-1597,0
1615014457.046804,-1269,0
1615014457.0567129,-1045,0
1615014457.065536,-858,0
1615014457.07308,-705,0
1615014457.0829382,-625,0
1615014457.084207,-599,0
1615014457.084207,-599,0
1615014457.084207,-599,0
1615014457.084207,-599,0
1615014457.124274,-577,0
1615014457.1342232,-508,0
1615014457.141712,-169,0
1615014457.151694,-118,0
1615014457.160526,-101,0
1615014457.17048,-70,0
1615014457.1792378,-61,0
1615014457.187495,-50,0
1615014457.196747,-39,0
1615014457.2054589,-10,0
1615014457.214216,-1,0
1615014457.217978,2,0
1615014457.2308118,10,0
1615014457.2391949,18,0
1615014457.245505,22,0
1615014457.2579682,26,0
1615014457.266722,32,0
1615014457.272959,33,0
1615014457.285492,37,0
1615014457.2944262,2047,0
1615014457.301734,2047,0
1615014457.311738,2047,0
1615014457.319201,2047,0
1615014457.3280032,2047,0
1615014457.3379772,1840,0
1615014457.3379772,1840,0
1615014457.35555,1714,0
1615014457.3642612,1155,0
1615014457.3642612,1155,0
1615014457.3642612,1155,0
1615014457.3642612,1155,0
1615014457.3642612,1155,0
1615014457.3642612,1155,0
1615014457.411707,1037,0
1615014457.424758,409,0
1615014457.431742,338,0
1615014457.439189,297,0
1615014457.444232,272,0
1615014457.4567308,241,0
1615014457.464937,201,0
1615014457.471691,181,0
1615014457.4829922,163,0
1615014457.491812,139,0
1615014457.499222,128,0
1615014457.502954,121,0
1615014457.516716,106,0
1615014457.524276,98,0
1615014457.530493,91,0
1615014457.5405738,88,0
1615014457.551678,76,0
1615014457.559212,73,0
1615014457.567984,71,0
1615014457.576777,67,0
1615014457.5854452,64,0
1615014457.595489,60,0
1615014457.601818,60,0
1615014457.610423,57,0
1615014457.616739,56,0
1615014457.6267772,56,0
1615014457.63679,54,0
1615014457.645441,54,0
1615014457.6542358,53,0
1615014457.6629791,53,0
1615014457.667962,52,0
1615014457.667962,52,0
1615014457.667962,52,0
1615014457.667962,52,0
1615014457.667962,52,0
1615014457.714463,53,0
1615014457.722951,52,0
1615014457.730428,50,0
1615014457.739187,50,0
1615014457.7480168,49,0
1615014457.75811,50,0
1615014457.765534,50,0
1615014457.775452,50,0
1615014457.785315,49,0
1615014457.7929332,50,0
1615014457.802973,50,0
1615014457.811738,49,0
1615014457.8191922,49,0
1615014457.827981,49,0
1615014457.8355489,50,0
1615014457.8455591,50,0
1615014457.852963,52,0
1615014457.860469,19,0
1615014457.870243,-2048,0
1615014457.877941,-2048,0
1615014457.887964,-2048,0
1615014457.895474,-2048,0
1615014457.905478,-2048,0
1615014457.9154959,-1859,0
1615014457.922949,-1596,0
1615014457.9304802,-1425,0
1615014457.941909,-1129,0
1615014457.949271,-966,0
1615014457.957941,-825,0
1615014457.9667351,-668,0
1615014457.968016,-631,0
1615014457.968016,-631,0
1615014457.968016,-631,0
1615014457.968016,-631,0
1615014458.009272,-579,0
1615014458.01425,-508,0
1615014458.020106,-411,0
1615014458.036679,2047,0
1615014458.0416698,1591,0
1615014458.051764,1480,0
1615014458.0592399,1154,0
1615014458.0692182,932,0
1615014458.0792582,809,0
1615014458.0854578,680,0
1615014458.0954509,571,0
1615014458.1005352,517,0
1615014458.1129081,423,0
1615014458.120477,372,0
1615014458.127914,326,0
1615014458.139275,307,0
1615014458.149215,241,0
1615014458.15794,209,0
1615014458.1617322,201,0
1615014458.1718242,170,0
1615014458.184322,151,0
1615014458.1942651,136,0
1615014458.201844,129,0
1615014458.208079,112,0
1615014458.2180228,100,0
1615014458.226718,93,0
1615014458.234251,86,0
1615014458.241725,82,0
1615014458.249215,76,0
1615014458.259197,72,0
1615014458.268022,69,0
1615014458.268022,69,0
1615014458.268022,69,0
1615014458.268022,69,0
1615014458.268022,69,0
1615014458.309298,69,0
1615014458.3224142,59,0
1615014458.330535,56,0
1615014458.339363,54,0
1615014458.345623,54,0
1615014458.355485,54,0
1615014458.363019,53,0
1615014458.374314,52,0
1615014458.382137,53,0
1615014458.392952,52,0
1615014458.400617,52,0
1615014458.406749,53,0
1615014458.419277,52,0
1615014458.419277,52,0
1615014458.4343948,52,0
1615014458.443073,44,0
1615014458.4529788,51,0
1615014458.460429,51,0
1615014458.4729521,51,0
1615014458.480507,51,0
1615014458.4895282,51,0
1615014458.499469,50,0
1615014458.5043032,50,0
1615014458.516692,51,0
1615014458.524195,51,0
1615014458.53173,51,0
1615014458.541728,51,0
1615014458.547919,51,0
1615014458.561697,51,0
1615014458.564194,51,0
1615014458.564194,51,0
1615014458.564194,51,0
1615014458.564194,51,0
1615014458.564194,51,0
1615014458.611753,52,0
1615014458.6182468,-26,0
1615014458.6182468,-26,0
1615014458.640461,-140,0
1615014458.647968,-1305,0
1615014458.6567051,-1363,0
1615014458.664267,-1027,0
1615014458.675568,184,0
1615014458.6828969,653,0
1615014458.690463,784,0
1615014458.699167,675,0
1615014458.710516,549,0
1615014458.718053,496,0
1615014458.726767,435,0
1615014458.735571,357,0
1615014458.742273,325,0
1615014458.750588,295,0
1615014458.759424,253,0
1615014458.76922,214,0
1615014458.7767649,193,0
1615014458.784224,182,0
1615014458.794197,152,0
1615014458.804217,135,0
1615014458.812949,125,0
1615014458.821718,114,0
1615014458.83165,100,0
1615014458.837951,97,0
1615014458.846825,87,0
1615014458.856744,80,0
1615014458.8656409,74,0
1615014458.8656409,74,0
1615014458.8656409,74,0
1615014458.8656409,74,0
1615014458.8656409,74,0
1615014458.910479,73,0
1615014458.9179342,72,0
1615014458.929168,57,0
1615014458.9379041,55,0
1615014458.946681,54,0
1615014458.955433,54,0
1615014458.964156,53,0
1615014458.974184,52,0
1615014458.981653,52,0
1615014458.991693,51,0
1615014459.0016599,51,0
1615014459.0104058,51,0
1615014459.0193348,50,0
1615014459.026721,51,0
1615014459.035419,51,0
1615014459.044172,51,0
1615014459.054268,50,0
1615014459.061708,50,0
1615014459.072921,50,0
1615014459.081677,50,0
1615014459.087998,50,0
1615014459.099186,51,0
1615014459.107388,52,0
1615014459.116828,52,0
1615014459.124217,52,0
1615014459.131712,51,0
1615014459.138062,51,0
1615014459.138062,51,0
1615014459.138062,51,0
1615014459.138062,51,0
1615014459.138062,51,0
1615014459.138062,51,0
1615014459.138062,51,0
1615014459.138062,51,0
1615014459.20292,51,0
1615014459.20292,51,0
1615014459.20292,51,0
1615014459.23043,51,0
1615014459.2433321,-227,0
1615014459.252917,897,0
1615014459.261677,736,0
1615014459.269208,641,0
1615014459.275425,597,0
1615014459.28548,504,0
1615014459.2942169,427,0
1615014459.3042262,375,0
1615014459.312992,311,0
1615014459.321696,266,0
1615014459.329189,251,0
1615014459.339178,212,0
1615014459.34918,178,0
1615014459.3566878,149,0
1615014459.3666618,67,0
1615014459.3741598,-67,0
1615014459.385025,-328,0
1615014459.389219,-369,0
1615014459.389219,-369,0
1615014459.410433,-678,0
1615014459.420449,-2048,0
1615014459.429157,-2048,0
1615014459.436712,-2048,0
1615014459.445448,-2048,0
1615014459.4567292,-1629,0
1615014459.464263,-1399,0
1615014459.465526,-1347,0
1615014459.465526,-1347,0
1615014459.465526,-1347,0
1615014459.465526,-1347,0
1615014459.465526,-1347,0
1615014459.515405,-1198,0
1615014459.522453,-478,0
1615014459.5304792,-406,0
1615014459.541802,-314,0
1615014459.549249,-251,0
1615014459.557986,2047,0
1615014459.56546,2047,0
1615014459.567966,2047,0
1615014459.582937,2047,0
1615014459.590424,2047,0
1615014459.601708,2047,0
1615014459.61043,2047,0
1615014459.616755,1586,0
1615014459.626694,1280,0
1615014459.633012,1148,0
1615014459.6454341,930,0
1615014459.654214,780,0
1615014459.662642,705,0
1615014459.672908,609,0
1615014459.680429,371,0
1615014459.689146,156,0
1615014459.697976,-21,0
1615014459.7066398,-140,0
1615014459.7166982,-231,0
1615014459.720405,-249,0
1615014459.732954,-199,0
1615014459.741667,-215,0
1615014459.748061,-269,0
1615014459.759187,-323,0
1615014459.765484,-337,0
1615014459.769419,-265,0
1615014459.769419,-265,0
1615014459.769419,-265,0
1615014459.769419,-265,0
1615014459.813057,-291,0
1615014459.824734,-266,0
1615014459.833654,-284,0
1615014459.839285,-323,0
1615014459.851766,-243,0
1615014459.860798,-285,0
1615014459.8668008,-363,0
1615014459.87921,-460,0
1615014459.887883,-678,0
1615014459.894123,-730,0
1615014459.898087,-743,0
1615014459.9129632,-753,0
1615014459.91915,-829,0
1615014459.91915,-829,0
1615014459.941625,-909,0
1615014459.950443,-1789,0
1615014459.9578738,-2048,0
1615014459.96677,-2048,0
1615014459.974186,-2048,0
1615014459.984242,-1561,0
1615014459.992942,-1288,0
1615014460.000444,-1146,0
1615014460.0092008,-942,0
1615014460.0166998,-805,0
1615014460.025443,-713,0
1615014460.034175,-584,0
1615014460.0429068,-475,0
1615014460.04791,-420,0
1615014460.060392,-349,0
1615014460.0679,160,0
1615014460.0679,160,0
1615014460.0679,160,0
1615014460.0679,160,0
1615014460.0679,160,0
1615014460.106656,756,0
1615014460.119367,-566,0
1615014460.127871,-681,0
1615014460.134341,-652,0
1615014460.14413,-600,0
1615014460.1553879,-424,0
1615014460.16545,-301,0
1615014460.174443,-258,0
1615014460.184185,-189,0
1615014460.19039,-100,0
1615014460.2041228,2,0
1615014460.2103639,132,0
1615014460.21915,197,0
1615014460.229135,217,0
1615014460.235447,76,0
1615014460.2466822,-134,0
1615014460.256917,-165,0
1615014460.265567,-158,0
1615014460.274196,-97,0
1615014460.284179,-120,0
1615014460.294455,-199,0
1615014460.3029919,-147,0
1615014460.3079062,-124,0
1615014460.319145,-100,0
1615014460.326638,-73,0
1615014460.336682,-49,0
1615014460.34669,-35,0
1615014460.354336,-25,0
1615014460.363009,-10,0
1615014460.368031,-8,0
1615014460.368031,-8,0
1615014460.368031,-8,0
1615014460.368031,-8,0
1615014460.368031,-8,0
1615014460.416799,-4,0
1615014460.426812,-1,0
1615014460.4330392,2047,0
1615014460.442899,1876,0
1615014460.451645,1685,0
1615014460.459549,1569,0
1615014460.468226,1178,0
1615014460.478049,985,0
1615014460.487755,886,0
1615014460.495414,720,0
1615014460.504527,626,0
1615014460.509273,476,0
1615014460.521652,-2048,0
1615014460.5303822,-2048,0
1615014460.540399,-2048,0
1615014460.5492952,-2048,0
1615014460.5542111,-1873,0
1615014460.565492,-1489,0
1615014460.57459,-1379,0
1615014460.580702,-1159,0
1615014460.580702,-1159,0
1615014460.595548,-1115,0
1615014460.609332,-642,0
1615014460.61798,-522,0
1615014460.623044,-482,0
1615014460.634569,-425,0
1615014460.644174,-302,0
1615014460.651808,-252,0
1615014460.659754,-232,0
1615014460.668011,-174,0
1615014460.668011,-174,0
1615014460.668011,-174,0
1615014460.668011,-174,0
1615014460.668011,-174,0
1615014460.709075,-166,0
1615014460.709075,-166,0
1615014460.724481,-158,0
1615014460.7368882,-537,0
1615014460.746666,-419,0
1615014460.7516558,-386,0
1615014460.761837,-355,0
1615014460.767937,-284,0
1615014460.779238,-209,0
1615014460.789161,-171,0
1615014460.797915,-126,0
1615014460.8079581,-97,0
1615014460.817888,-76,0
1615014460.826698,-54,0
1615014460.835416,-37,0
1615014460.84171,-29,0
1615014460.8529322,-13,0
1615014460.860419,-4,0
1615014460.86801,4,0
1615014460.880459,11,0
1615014460.8878772,18,0
1615014460.894133,21,0
1615014460.905408,25,0
1615014460.913024,28,0
1615014460.9205408,33,0
1615014460.931663,35,0
1615014460.9390998,38,0
1615014460.9479291,40,0
1615014460.952926,41,0
1615014460.965471,1584,0
1615014460.9679098,1516,0
1615014460.9679098,1516,0
1615014460.9679098,1516,0
1615014460.9679098,1516,0
1615014460.9679098,1516,0
1615014461.018086,1232,0
1615014461.026109,-348,0
1615014461.034348,-182,0
1615014461.0396008,-155,0
1615014461.051832,-113,0
1615014461.060562,-85,0
1615014461.065768,-72,0
1615014461.076802,-53,0
1615014461.087014,-27,0
1615014461.094574,-19,0
1615014461.105508,-10,0
1615014461.109635,567,0
1615014461.1203918,2047,0
1615014461.12666,2032,0
1615014461.1380649,939,0
1615014461.147854,-473,0
1615014461.15295,-547,0
1615014461.165635,-766,0
1615014461.1733592,-952,0
1615014461.1733592,-952,0
1615014461.193332,-917,0
1615014461.203115,-574,0
1615014461.211187,-487,0
1615014461.221784,-430,0
1615014461.229464,-321,0
1615014461.238249,-267,0
1615014461.250827,-203,0
1615014461.258261,-168,0
1615014461.267029,-131,0
1615014461.267029,-131,0
1615014461.267029,-131,0
1615014461.267029,-131,0
1615014461.267029,-131,0
1615014461.314228,-110,0
1615014461.323356,-25,0
1615014461.3291678,-6,0
1615014461.340511,6,0
1615014461.349111,10,0
1615014461.3579462,16,0
1615014461.3641868,21,0
1615014461.37425,23,0
1615014461.387083,29,0
1615014461.395722,34,0
1615014461.400741,36,0
1615014461.4094322,37,0
1615014461.421163,39,0
1615014461.421163,39,0
1615014461.443903,44,0
1615014461.4518971,985,0
1615014461.45945,-1612,0
1615014461.4708962,145,0
1615014461.481014,-1236,0
1615014461.4893272,-1012,0
1615014461.494383,-971,0
1615014461.507212,-709,0
1615014461.514535,-601,0
1615014461.5229719,2047,0
1615014461.534165,2047,0
1615014461.541707,2047,0
1615014461.550397,2047,0
1615014461.557902,2047,0
1615014461.568179,-2048,0
1615014461.568179,-2048,0
1615014461.568179,-2048,0
1615014461.568179,-2048,0
1615014461.568179,-2048,0
1615014461.612027,-2048,0
1615014461.620557,-2048,0
1615014461.629278,-2048,0
1615014461.637426,-1182,0
1615014461.6479502,2047,0
1615014461.655463,2047,0
1615014461.6621351,2047,0
1615014461.6746418,2047,0
1615014461.684217,1978,0
1615014461.69455,1779,0
1615014461.7019389,1655,0
1615014461.714499,1200,0
1615014461.721771,1003,0
1615014461.732418,902,0
1615014461.7391748,731,0
1615014461.748151,636,0
1615014461.756615,555,0
1615014461.7653918,469,0
1615014461.770418,425,0
1615014461.7816849,373,0
1615014461.790529,316,0
1615014461.7979798,273,0
1615014461.809408,228,0
1615014461.81928,-2048,0
1615014461.825749,-2048,0
1615014461.83554,-2048,0
1615014461.843242,-2048,0
1615014461.853301,2047,0
1615014461.862172,2047,0
1615014461.8645608,2047,0
1615014461.8645608,2047,0
1615014461.8645608,2047,0
1615014461.8645608,2047,0
1615014461.903064,2047,0
1615014461.9130309,2047,0
1615014461.9217448,-2048,0
1615014461.929125,-2048,0
1615014461.939161,-2044,0
1615014461.948021,-1761,0
1615014461.95788,-1399,0
1615014461.967901,2047,0
1615014461.9754932,2047,0
1615014461.984142,2047,0
1615014461.995453,2047,0
1615014462.0017228,2047,0
1615014462.014142,1777,0
1615014462.0229151,1484,0
1615014462.030445,1334,0
1615014462.041706,1157,0
1615014462.04788,967,0
1615014462.05537,811,0
1615014462.0666509,-1797,0
1615014462.07541,-2048,0
1615014462.0843258,-2048,0
1615014462.089582,-2048,0
1615014462.100383,-2048,0
1615014462.1104178,-1753,0
1615014462.121721,-1506,0
1615014462.129154,-1393,0
1615014462.137835,3,0
1615014462.145401,2047,0
1615014462.1554298,2047,0
1615014462.164138,2047,0
1615014462.166618,2047,0
1615014462.166618,2047,0
1615014462.166618,2047,0
1615014462.166618,2047,0
1615014462.166618,2047,0
1615014462.2131999,2047,0
1615014462.2131999,2047,0
1615014462.2278762,2047,0
1615014462.2278762,2047,0
1615014462.2521322,537,0
1615014462.261625,439,0
1615014462.2705002,385,0
1615014462.279427,348,0
1615014462.288108,290,0
1615014462.298304,242,0
1615014462.300596,233,0
1615014462.315527,186,0
1615014462.323002,167,0
1615014462.333298,154,0
1615014462.343174,133,0
1615014462.351707,118,0
1615014462.360713,106,0
1615014462.3678699,105,0
1615014462.376745,-2048,0
1615014462.386658,-2048,0
1615014462.395422,-2048,0
1615014462.402973,2047,0
1615014462.40915,2047,0
1615014462.420453,2047,0
1615014462.429215,1819,0
1615014462.439144,1467,0
1615014462.446621,1272,0
1615014462.446621,1272,0
1615014462.457891,1143,0
1615014462.457891,1143,0
1615014462.457891,1143,0
1615014462.457891,1143,0
1615014462.457891,1143,0
1615014462.457891,1143,0
1615014462.518094,-2048,0
1615014462.526656,1405,0
1615014462.537083,1093,0
1615014462.545294,985,0
1615014462.556124,-2048,0
1615014462.5642838,-2048,0
1615014462.569139,-2048,0
1615014462.58037,-2048,0
1615014462.590343,-1895,0
1615014462.5966568,-1692,0
1615014462.606475,-1451,0
1615014462.6178508,-1108,0
1615014462.624108,-985,0
1615014462.632833,-841,0
1615014462.645386,-662,0
1615014462.651714,-564,0
1615014462.662852,-478,0
1615014462.673228,-389,0
1615014462.680348,-299,0
1615014462.6917481,-241,0
1615014462.7004192,-190,0
1615014462.70788,-157,0
1615014462.719075,-135,0
1615014462.72786,-98,0
1615014462.737822,-68,0
1615014462.746604,-55,0
1615014462.755424,-25,0
1615014462.76284,2047,0
1615014462.766604,2047,0
1615014462.766604,2047,0
1615014462.766604,2047,0
1615014462.766604,2047,0
1615014462.806695,2047,0
1615014462.815383,-1818,0
1615014462.822963,-1890,0
1615014462.8353212,-628,0
1615014462.845359,422,0
1615014462.85283,-1347,0
1615014462.859122,-1223,0
1615014462.869057,2047,0
1615014462.877928,2047,0
1615014462.883643,2047,0
1615014462.894079,2047,0
1615014462.901599,1924,0
1615014462.907896,1729,0
1615014462.919111,1497,0
1615014462.920605,1445,0
1615014462.937876,1011,0
1615014462.9404101,940,0
1615014462.954206,737,0
1615014462.965695,599,0
1615014462.9742248,560,0
1615014462.984242,456,0
1615014462.991668,388,0
1615014462.999216,341,0
1615014463.006773,310,0
1615014463.017877,258,0
1615014463.0268002,221,0
1615014463.035153,202,0
1615014463.04303,178,0
1615014463.0517728,154,0
1615014463.0591638,148,0
1615014463.0683699,132,0
1615014463.0683699,132,0
1615014463.0683699,132,0
1615014463.0683699,132,0
1615014463.0683699,132,0
1615014463.116267,84,0
1615014463.1254668,75,0
1615014463.131847,72,0
1615014463.141681,68,0
1615014463.141681,68,0
1615014463.141681,68,0
1615014463.162482,66,0
1615014463.17695,67,0
1615014463.185426,305,0
1615014463.195957,242,0
1615014463.205328,201,0
1615014463.2115772,177,0
1615014463.221596,154,0
1615014463.2305138,144,0
1615014463.2305138,144,0
1615014463.247404,139,0
1615014463.259243,108,0
1615014463.2641668,96,0
1615014463.2766762,86,0
1615014463.285356,81,0
1615014463.291698,75,0
1615014463.300447,72,0
1615014463.310375,69,0
1615014463.317912,67,0
1615014463.328159,64,0
1615014463.336952,60,0
1615014463.345387,58,0
1615014463.3540962,56,0
1615014463.3629088,55,0
1615014463.368001,55,0
1615014463.368001,55,0
1615014463.368001,55,0
1615014463.368001,55,0
1615014463.368001,55,0
1615014463.4115741,54,0
1615014463.4204001,52,0
1615014463.431725,51,0
1615014463.440379,51,0
1615014463.448061,51,0
1615014463.45664,50,0
1615014463.468205,51,0
1615014463.475683,50,0
1615014463.485465,50,0
1615014463.495767,50,0
1615014463.5042062,50,0
1615014463.514508,49,0
1615014463.520788,49,0
1615014463.5333009,49,0
1615014463.54197,50,0
1615014463.551646,50,0
1615014463.55789,49,0
1615014463.5672598,50,0
1615014463.575465,50,0
1615014463.585414,49,0
1615014463.592882,49,0
1615014463.596622,49,0
1615014463.6104288,50,0
1615014463.617835,49,0
1615014463.6241338,49,0
1615014463.635663,49,0
1615014463.645327,49,0
1615014463.6491141,49,0
1615014463.6632478,50,0
1615014463.6656508,49,0
1615014463.6656508,49,0
1615014463.6656508,49,0
1615014463.6656508,49,0
1615014463.707955,50,0
1615014463.710046,49,0
1615014463.727075,49,0
1615014463.734219,50,0
1615014463.73826,49,0
1615014463.73826,49,0
1615014463.761896,49,0
1615014463.771966,50,0
1615014463.780425,-372,0
1615014463.7866108,688,0
1615014463.797826,573,0
1615014463.80813,162,0
1615014463.8142662,-2048,0
1615014463.824048,-2048,0
1615014463.832808,-2048,0
1615014463.8403661,-2048,0
1615014463.84664,-2048,0
1615014463.856671,-1934,0
1615014463.866606,-1542,0
1615014463.874053,-1322,0
1615014463.88641,-1048,0
1615014463.8940868,-894,0
1615014463.9015622,-764,0
1615014463.911545,-627,0
1615014463.921642,-509,0
1615014463.929077,-421,0
1615014463.939151,2047,0
1615014463.9429288,2047,0
1615014463.956609,2047,0
1615014463.9603462,2047,0
1615014463.967874,2047,0
1615014463.967874,2047,0
1615014463.967874,2047,0
1615014463.967874,2047,0
1615014464.007784,2047,0
1615014464.016562,-2048,0
1615014464.0290282,-1876,0
1615014464.037805,-1331,0
1615014464.04406,-1186,0
1615014464.047796,-1096,0
1615014464.060344,-866,0
1615014464.069056,2047,0
1615014464.075325,2047,0
1615014464.089052,2047,0
1615014464.0966048,2047,0
1615014464.106543,-2048,0
1615014464.11425,-2048,0
1615014464.124115,-2048,0
1615014464.134069,-1939,0
1615014464.1440299,-1544,0
1615014464.152878,-1273,0
1615014464.1591208,-1132,0
1615014464.166639,-874,0
1615014464.175453,2047,0
1615014464.186645,2047,0
1615014464.194038,2047,0
1615014464.202805,2047,0
1615014464.2115982,2047,0
1615014464.220296,1669,0
1615014464.229046,1498,0
1615014464.2377632,1209,0
1615014464.245287,1049,0
1615014464.254069,941,0
1615014464.262923,791,0
1615014464.270627,712,0
1615014464.270627,712,0
1615014464.270627,712,0
1615014464.270627,712,0
1615014464.270627,712,0
1615014464.316536,620,0
1615014464.327799,274,0
1615014464.3352802,229,0
1615014464.346585,211,0
1615014464.3552918,172,0
1615014464.3627892,155,0
1615014464.372776,341,0
1615014464.38165,247,0
1615014464.390573,305,0
1615014464.400342,234,0
1615014464.40782,233,0
1615014464.416592,194,0
1615014464.419729,146,0
1615014464.434135,150,0
1615014464.445289,-2048,0
1615014464.454036,-2048,0
1615014464.4620428,-2048,0
1615014464.4665542,-2048,0
1615014464.4802718,-2046,0
1615014464.487817,-1635,0
1615014464.496537,-1349,0
1615014464.504813,-1202,0
1615014464.5140202,-950,0
1615014464.5228338,-811,0
1615014464.5303218,-748,0
1615014464.5390341,-637,0
1615014464.549042,-481,0
1615014464.557802,-390,0
1615014464.565307,-343,0
1615014464.568691,-314,0
1615014464.568691,-314,0
1615014464.568691,-314,0
1615014464.568691,-314,0
1615014464.607831,-300,0
1615014464.619586,-109,0
1615014464.627979,-87,0
1615014464.634057,-52,0
1615014464.645391,-30,0
1615014464.645391,-30,0
1615014464.6630661,-20,0
1615014464.671618,0,0
1615014464.680907,7,0
1615014464.689229,10,0
1615014464.699311,19,0
1615014464.7078972,24,0
1615014464.7191029,27,0
1615014464.72789,33,0
1615014464.735397,35,0
1615014464.744151,37,0
1615014464.75307,39,0
1615014464.7627861,41,0
1615014464.7703302,42,0
1615014464.779205,42,0
1615014464.789116,44,0
1615014464.795648,44,0
1615014464.806575,45,0
1615014464.8166,48,0
1615014464.821585,48,0
1615014464.831655,48,0
1615014464.8404732,48,0
1615014464.8503628,49,0
1615014464.8591099,49,0
1615014464.8603399,49,0
1615014464.8683069,50,0
1615014464.8683069,50,0
1615014464.8683069,50,0
1615014464.8683069,50,0
1615014464.910469,49,0
1615014464.9216042,49,0
1615014464.924094,50,0
1615014464.9377658,50,0
1615014464.944011,50,0
1615014464.95402,49,0
1615014464.9628549,50,0
1615014464.970336,50,0
1615014464.9765508,50,0
1615014464.987776,50,0
1615014464.997777,50,0
1615014465.0031722,50,0
1615014465.014027,51,0
1615014465.017036,50,0
1615014465.017036,50,0
1615014465.040473,50,0
1615014465.050448,50,0
1615014465.055372,50,0
1615014465.062814,50,0
1615014465.0766551,50,0
1615014465.0854242,51,0
1615014465.092937,52,0
1615014465.1054678,2047,0
1615014465.112931,2047,0
1615014465.1204531,2047,0
1615014465.130352,2047,0
1615014465.14175,2047,0
1615014465.1478221,-2048,0
1615014465.157846,-2048,0
1615014465.16656,-2048,0
1615014465.16656,-2048,0
1615014465.16656,-2048,0
1615014465.16656,-2048,0
1615014465.16656,-2048,0
1615014465.210349,-2048,0
1615014465.212309,-1998,0
1615014465.227228,-856,0
1615014465.236535,-598,0
1615014465.244009,-488,0
1615014465.254003,-379,0
1615014465.261525,-321,0
1615014465.269023,-267,0
1615014465.2777479,-215,0
1615014465.2865438,-178,0
1615014465.296511,-147,0
1615014465.304041,-113,0
1615014465.312767,-85,0
1615014465.320281,-74,0
1615014465.3327968,-42,0
1615014465.340278,-28,0
1615014465.34654,-21,0
1615014465.361512,-4,0
1615014465.367845,2,0
1615014465.375326,9,0
1615014465.3853672,16,0
1615014465.394072,43,0
1615014465.4027698,2047,0
1615014465.4078588,2047,0
1615014465.4193192,2047,0
1615014465.4268868,2047,0
1615014465.4353678,2047,0
1615014465.446511,2047,0
1615014465.4565141,1734,0
1615014465.461556,1557,0
1615014465.4677582,1501,0
1615014465.4677582,1501,0
1615014465.4677582,1501,0
1615014465.4677582,1501,0
1615014465.4677582,1501,0
1615014465.5152798,1398,0
1615014465.524035,561,0
1615014465.5328152,506,0
1615014465.5403311,389,0
1615014465.5515919,321,0
1615014465.5615292,282,0
1615014465.5678349,250,0
1615014465.579487,211,0
1615014465.588166,194,0
1615014465.598021,168,0
1615014465.606782,145,0
1615014465.6094,140,0
1615014465.6216471,122,0
1615014465.631861,109,0
1615014465.640466,102,0
1615014465.650401,91,0
1615014465.6591082,84,0
1615014465.666639,80,0
1615014465.679074,72,0
1615014465.686594,69,0
1615014465.6940281,67,0
1615014465.7015018,66,0
1615014465.714224,66,0
1615014465.722972,59,0
1615014465.732909,58,0
1615014465.739094,56,0
1615014465.751914,54,0
1615014465.7605839,54,0
1615014465.768255,53,0
1615014465.768255,53,0
1615014465.768255,53,0
1615014465.768255,53,0
1615014465.768255,53,0
1615014465.810724,53,0
1615014465.8205462,53,0
1615014465.8309782,50,0
1615014465.839348,50,0
1615014465.8456461,50,0
1615014465.8582149,50,0
1615014465.8668852,50,0
1615014465.875674,50,0
1615014465.885622,50,0
1615014465.8966699,50,0
1615014465.902775,49,0
1615014465.913975,49,0
1615014465.920567,49,0
1615014465.920567,49,0
1615014465.940609,50,0
1615014465.951614,50,0
1615014465.957769,50,0
1615014465.9667,50,0
1615014465.974111,44,0
1615014465.988106,-2048,0
1615014465.992991,-2048,0
1615014466.004147,-2048,0
1615014466.011771,-2048,0
1615014466.0207841,-2048,0
1615014466.026619,-2048,0
1615014466.035467,-2048,0
1615014466.0469959,-1514,0
1615014466.0542989,-1251,0
1615014466.064147,-1030,0
1615014466.0679512,-951,0
1615014466.0679512,-951,0
1615014466.0679512,-951,0
1615014466.0679512,-951,0
1615014466.0679512,-951,0
1615014466.118697,-878,0
1615014466.120718,-845,0
1615014466.1357079,-231,0
1615014466.1407208,-201,0
1615014466.15284,-150,0
1615014466.16207,-117,0
1615014466.165697,-104,0
1615014466.1817222,-88,0
1615014466.186663,-65,0
1615014466.1990469,-33,0
1615014466.209286,-20,0
1615014466.220396,-4,0
1615014466.227802,3,0
1615014466.2366211,9,0
1615014466.248149,17,0
1615014466.2553139,22,0
1615014466.2603111,22,0
1615014466.271827,28,0
1615014466.2807481,604,0
1615014466.291971,2047,0
1615014466.298437,2047,0
1615014466.298437,2047,0
1615014466.317792,2047,0
1615014466.3264909,2047,0
1615014466.335377,1938,0
1615014466.344044,1740,0
1615014466.352957,1681,0
1615014466.362817,1175,0
1615014466.367748,1095,0
1615014466.367748,1095,0
1615014466.367748,1095,0
1615014466.367748,1095,0
1615014466.367748,1095,0
1615014466.417121,849,0
1615014466.4253418,-2048,0
1615014466.4327989,-2048,0
1615014466.4327989,-2048,0
1615014466.4327989,-2048,0
1615014466.4327989,-2048,0
1615014466.4327989,-2048,0
1615014466.480491,-2048,0
1615014466.483113,-2048,0
1615014466.495633,-1305,0
1615014466.5056908,-954,0
1615014466.514337,-754,0
1615014466.523082,-643,0
1615014466.532876,-547,0
1615014466.54451,-408,0
1615014466.549095,-376,0
1615014466.5602932,-291,0
1615014466.569071,-232,0
1615014466.5777879,-193,0
1615014466.586546,-174,0
1615014466.595383,-123,0
1615014466.604011,-93,0
1615014466.609012,-84,0
1615014466.6214988,-56,0
1615014466.6329012,-35,0
1615014466.6415732,-25,0
1615014466.650272,-14,0
1615014466.660318,-1,0
1615014466.666593,6,0
1615014466.666593,6,0
1615014466.666593,6,0
1615014466.666593,6,0
1615014466.666593,6,0
1615014466.715641,9,0
1615014466.715641,9,0
1615014466.7305212,11,0
1615014466.742591,21,0
1615014466.751529,41,0
1615014466.760694,76,0
1615014466.768117,513,0
1615014466.778038,2047,0
1615014466.784419,2047,0
1615014466.793003,2047,0
1615014466.801929,2047,0
1615014466.811824,2047,0
1615014466.819218,1767,0
1615014466.831628,1288,0
1615014466.839486,-565,0
1615014466.84688,-2048,0
1615014466.859065,-2048,0
1615014466.8668768,-2048,0
1615014466.874518,-2048,0
1615014466.88557,-2048,0
1615014466.891744,-1749,0
1615014466.905489,-1286,0
1615014466.912895,-1145,0
1615014466.919135,-979,0
1615014466.927739,-836,0
1615014466.93903,-684,0
1615014466.946978,-632,0
1615014466.9541929,-474,0
1615014466.964212,-386,0
1615014466.966899,-370,0
1615014466.966899,-370,0
1615014466.966899,-370,0
1615014466.966899,-370,0
1615014466.966899,-370,0
1615014467.0191638,-325,0
1615014467.0191638,-325,0
1615014467.0353012,-82,0
1615014467.043466,-51,0
1615014467.0515242,-29,0
1615014467.0602381,-22,0
1615014467.068987,-6,0
1615014467.0790699,2,0
1615014467.0865111,6,0
1615014467.096523,16,0
1615014467.103997,20,0
1615014467.110462,21,0
1615014467.121794,26,0
1615014467.130292,32,0
1615014467.140435,35,0
1615014467.147876,36,0
1615014467.157877,39,0
1615014467.1678321,40,0
1615014467.1740239,41,0
1615014467.185341,42,0
1615014467.1953669,43,0
1615014467.205228,44,0
1615014467.215349,48,0
1615014467.221619,45,0
1615014467.231543,48,0
1615014467.240245,49,0
1615014467.249074,49,0
1615014467.2590349,49,0
1615014467.266598,49,0
1615014467.266598,49,0
1615014467.266598,49,0
1615014467.266598,49,0
1615014467.266598,49,0
1615014467.266598,49,0
1615014467.3204522,49,0
1615014467.3291352,49,0
1615014467.3389819,50,0
1615014467.346567,50,0
1615014467.353973,50,0
1615014467.360273,50,0
1615014467.371592,50,0
1615014467.377804,50,0
1615014467.38779,50,0
1615014467.3978171,50,0
1615014467.407787,50,0
1615014467.414127,50,0
1615014467.420657,50,0
1615014467.43304,50,0
1615014467.439021,50,0
1615014467.450238,50,0
1615014467.460306,50,0
1615014467.465261,50,0
1615014467.475285,51,0
1615014467.485256,53,0
1615014467.49405,96,0
1615014467.500399,83,0
1615014467.5090659,44,0
1615014467.5203352,67,0
1615014467.5278552,120,0
1615014467.538069,263,0
1615014467.545393,118,0
1615014467.555213,72,0
1615014467.564095,75,0
1615014467.567731,76,0
1615014467.567731,76,0
1615014467.567731,76,0
1615014467.567731,76,0
1615014467.610271,107,0
1615014467.620225,355,0
1615014467.62902,230,0
1615014467.6377,25,0
1615014467.645233,28,0
1615014467.655212,-258,0
1615014467.663985,-348,0
1615014467.670212,-418,0
1615014467.676501,-379,0
1615014467.687702,-315,0
1615014467.696434,-242,0
1615014467.704729,-201,0
1615014467.709005,-193,0
1615014467.722709,-130,0
1615014467.728972,-104,0
1615014467.735223,-87,0
1615014467.749048,-59,0
1615014467.759007,-37,0
1615014467.764043,-27,0
1615014467.775191,-13,0
1615014467.783995,-3,0
1615014467.7915158,4,0
1615014467.801517,6,0
1615014467.807771,17,0
1615014467.817785,22,0
1615014467.829064,25,0
1615014467.837791,28,0
1615014467.8452349,33,0
1615014467.856472,36,0
1615014467.862692,38,0
1615014467.867702,39,0
1615014467.867702,39,0
1615014467.867702,39,0
1615014467.867702,39,0
1615014467.867702,39,0
1615014467.912759,39,0
1615014467.922813,39,0
1615014467.93296,48,0
1615014467.942711,48,0
1615014467.950197,49,0
1615014467.960961,49,0
1615014467.971571,50,0
1615014467.977749,72,0
1615014467.987736,86,0
1615014467.995256,135,0
1615014468.00528,128,0
1615014468.010263,124,0
1615014468.021504,114,0
1615014468.0327601,229,0
1615014468.042818,307,0
1615014468.052812,336,0
1615014468.060266,1097,0
1615014468.06894,1399,0
1615014468.0789871,1473,0
1615014468.085183,665,0
1615014468.093961,1200,0
1615014468.1001909,1430,0
1615014468.113934,1698,0
1615014468.121519,1800,0
1615014468.127732,1684,0
1615014468.1377091,1513,0
1615014468.147688,2047,0
1615014468.1552792,2047,0
1615014468.164125,2047,0
1615014468.1664588,2047,0
1615014468.1664588,2047,0
1615014468.1664588,2047,0
1615014468.1664588,2047,0
1615014468.1664588,2047,0
1615014468.212765,2047,0
1615014468.223309,1847,0
1615014468.2289238,812,0
1615014468.239021,708,0
1615014468.2491899,636,0
1615014468.2553961,503,0
1615014468.261499,453,0
1615014468.261499,453,0
1615014468.2852921,417,0
1615014468.292722,265,0
1615014468.2977011,228,0
1615014468.3089569,85,0
1615014468.317738,66,0
1615014468.325214,32,0
1615014468.33149,35,0
1615014468.341537,83,0
1615014468.350192,185,0
1615014468.357713,153,0
1615014468.3677309,92,0
1615014468.3751738,53,0
1615014468.385206,87,0
1615014468.3902779,69,0
1615014468.402739,139,0
1615014468.408994,106,0
1615014468.41644,93,0
1615014468.428925,42,0
1615014468.436445,118,0
1615014468.446502,144,0
1615014468.4539819,129,0
1615014468.463934,119,0
1615014468.467686,114,0
1615014468.467686,114,0
1615014468.467686,114,0
1615014468.467686,114,0
1615014468.509069,108,0
1615014468.517681,74,0
1615014468.5252101,70,0
1615014468.533952,67,0
1615014468.543962,65,0
1615014468.5514328,60,0
1615014468.561462,58,0
1615014468.5716171,56,0
1615014468.5802171,56,0
1615014468.589046,54,0
1615014468.5964859,53,0
1615014468.603997,53,0
1615014468.613976,53,0
1615014468.623991,52,0
1615014468.6342971,52,0
1615014468.641438,51,0
1615014468.6514711,51,0
1615014468.661463,50,0
1615014468.6689658,50,0
1615014468.670491,50,0
1615014468.685279,50,0
1615014468.695168,50,0
1615014468.703979,50,0
1615014468.713941,50,0
1615014468.722837,50,0
1615014468.728983,50,0
1615014468.739011,50,0
1615014468.745182,50,0
1615014468.7553148,49,0
1615014468.762748,50,0
1615014468.770174,50,0
1615014468.7776902,49,0
1615014468.787712,49,0
1615014468.793959,50,0
1615014468.8064792,49,0
1615014468.815186,49,0
1615014468.825214,49,0
1615014468.831439,50,0
1615014468.831439,50,0
1615014468.831439,50,0
1615014468.831439,50,0
1615014468.831439,50,0
1615014468.875254,49,0
1615014468.8852239,49,0
1615014468.894149,50,0
1615014468.902713,51,0
1615014468.9127018,52,0
1615014468.918957,52,0
1615014468.9303942,-66,0
1615014468.937697,-1017,0
1615014468.9477918,-2048,0
1615014468.953963,-2048,0
1615014468.9652421,-2048,0
1615014468.971612,-2048,0
1615014468.980242,-2048,0
1615014468.988965,-2048,0
1615014468.9964721,-1940,0
1615014469.006436,-1606,0
1615014469.012773,-1432,0
1615014469.022814,-1179,0
1615014469.031444,-970,0
1615014469.040323,-828,0
1615014469.047745,-708,0
1615014469.0576792,-578,0
1615014469.065262,-490,0
1615014469.067733,-471,0
1615014469.067733,-471,0
1615014469.067733,-471,0
1615014469.101571,-247,0
1615014469.1090271,-197,0
1615014469.117685,-148,0
1615014469.12535,-125,0
1615014469.127699,-114,0
1615014469.127699,-114,0
1615014469.127699,-114,0
1615014469.127699,-114,0
1615014469.127699,-114,0
1615014469.176453,-97,0
1615014469.1852381,-17,0
1615014469.193943,2,0
1615014469.2027001,9,0
1615014469.210216,17,0
1615014469.2201788,24,0
1615014469.228936,100,0
1615014469.236415,280,0
1615014469.246442,280,0
1615014469.255182,149,0
1615014469.262688,393,0
1615014469.272755,-83,0
1615014469.280204,-121,0
1615014469.2877388,-34,0
1615014469.297717,-22,0
1615014469.3065379,-24,0
1615014469.315284,138,0
1615014469.3228621,-52,0
1615014469.3328059,-61,0
1615014469.34402,-37,0
1615014469.350249,-27,0
1615014469.358998,-21,0
1615014469.3664691,-8,0
1615014469.3664691,-8,0
1615014469.3664691,-8,0
1615014469.3664691,-8,0
1615014469.3664691,-8,0
1615014469.413963,-2,0
1615014469.422279,790,0
1615014469.430157,920,0
1615014469.438967,2038,0
1615014469.447681,1285,0
1615014469.4554722,1221,0
1615014469.46516,1541,0
1615014469.4752262,2047,0
1615014469.4814641,2047,0
1615014469.4927082,2047,0
1615014469.500244,2047,0
1615014469.510232,1802,0
1615014469.520206,768,0
1615014469.531568,-504,0
1615014469.53904,-1330,0
1615014469.547662,-1782,0
1615014469.5576801,-1016,0
1615014469.563932,-1379,0
1615014469.575197,-2048,0
1615014469.5827048,-1973,0
1615014469.592684,-1705,0
1615014469.600152,-1460,0
1615014469.610202,-1206,0
1615014469.6176739,-1032,0
1615014469.627682,-845,0
1615014469.6351979,-724,0
1615014469.645216,-589,0
1615014469.652713,-488,0
1615014469.66265,-391,0
1615014469.6676512,-373,0
1615014469.6676512,-373,0
1615014469.6676512,-373,0
1615014469.6676512,-373,0
1615014469.70651,-337,0
1615014469.716479,2047,0
1615014469.72526,2047,0
1615014469.731429,2047,0
1615014469.741496,2047,0
1615014469.751424,1808,0
1615014469.758911,1568,0
1615014469.766429,1356,0
1615014469.775244,1176,0
1615014469.783936,984,0
1615014469.7901871,886,0
1615014469.801445,720,0
1615014469.8101912,626,0
1615014469.818939,529,0
1615014469.828178,460,0
1615014469.835231,404,0
1615014469.84393,355,0
1615014469.852726,304,0
1615014469.861454,260,0
1615014469.867667,236,0
1615014469.877683,204,0
1615014469.885191,183,0
1615014469.89522,161,0
1615014469.902702,146,0
1615014469.911425,132,0
1615014469.920591,120,0
1615014469.920591,120,0
1615014469.935411,103,0
1615014469.9463801,92,0
1615014469.9552891,85,0
1615014469.963938,80,0
1615014469.9727821,75,0
1615014469.978892,72,0
1615014469.989003,68,0
1615014470.000215,65,0
1615014470.006482,61,0
1615014470.016475,59,0
1615014470.0266519,57,0
1615014470.033909,56,0
1615014470.041431,55,0
1615014470.051392,54,0
1615014470.059006,54,0
1615014470.068984,53,0
1615014470.076446,52,0
1615014470.0826938,52,0
1615014470.0826938,52,0
1615014470.0826938,52,0
1615014470.0826938,52,0
1615014470.124017,52,0
1615014470.1327019,50,0
1615014470.137662,50,0
1615014470.137662,50,0
1615014470.158166,50,0
1615014470.166416,50,0
1615014470.171455,50,0
1615014470.18391,50,0
1615014470.192808,50,0
1615014470.201597,50,0
1615014470.207691,50,0
1615014470.215181,50,0
1615014470.225201,53,0
1615014470.235168,28,0
1615014470.2427142,-670,0
1615014470.251403,-2048,0
1615014470.260166,-2048,0
1615014470.2676322,-2048,0
1615014470.2676322,-2048,0
1615014470.2676322,-2048,0
1615014470.2676322,-2048,0
1615014470.2676322,-2048,0
1615014470.3127282,-2048,0
1615014470.3226938,-1235,0
1615014470.332633,-977,0
1615014470.340308,-803,0
1615014470.347662,-684,0
1615014470.356493,-582,0
1615014470.36391,-493,0
1615014470.3740249,-402,0
1615014470.3814259,-354,0
1615014470.388911,-284,0
1615014470.39769,-237,0
1615014470.406443,-198,0
1615014470.415159,-155,0
1615014470.422712,-126,0
1615014470.4314392,-102,0
1615014470.438936,-82,0
1615014470.447687,-58,0
1615014470.456511,-43,0
1615014470.465299,-29,0
1615014470.468894,-22,0
1615014470.478915,-9,0
1615014470.4915671,2,0
1615014470.4989161,8,0
1615014470.5065951,13,0
1615014470.517643,21,0
1615014470.523981,24,0
1615014470.5339,27,0
1615014470.54269,33,0
1615014470.551445,35,0
1615014470.558996,37,0
1615014470.567632,39,0
1615014470.567632,39,0
1615014470.567632,39,0
1615014470.567632,39,0
1615014470.60539,40,0
1615014470.6126971,44,0
1615014470.623901,45,0
1615014470.631403,45,0
1615014470.641495,48,0
1615014470.6489,48,0
1615014470.657747,49,0
1615014470.667629,49,0
1615014470.676411,49,0
1615014470.685379,50,0
1615014470.693919,50,0
1615014470.701393,50,0
1615014470.711405,50,0
1615014470.718869,50,0
1615014470.727669,50,0
1615014470.735143,50,0
1615014470.742625,50,0
1615014470.752652,50,0
1615014470.761447,50,0
1615014470.770141,51,0
1615014470.7776709,51,0
1615014470.7864408,51,0
1615014470.793942,50,0
1615014470.803875,50,0
1615014470.8115149,50,0
1615014470.821391,50,0
1615014470.821391,50,0
1615014470.840132,51,0
1615014470.847678,52,0
1615014470.857701,907,0
1615014470.866425,2047,0
1615014470.8676229,2047,0
1615014470.8676229,2047,0
1615014470.8676229,2047,0
1615014470.8676229,2047,0
1615014470.9089642,2047,0
1615014470.917653,1939,0
1615014470.925171,1621,0
1615014470.932658,1355,0
1615014470.94017,1175,0
1615014470.9514198,949,0
1615014470.96032,824,0
1615014470.9676428,716,0
1615014470.9776618,625,0
1615014470.986397,508,0
1615014470.995201,444,0
1615014471.002646,390,0
1615014471.012644,331,0
1615014471.020163,293,0
1615014471.027657,259,0
1615014471.037642,224,0
1615014471.0476868,194,0
1615014471.0551932,172,0
1615014471.0652149,152,0
1615014471.072746,137,0
1615014471.082655,122,0
1615014471.092695,109,0
1615014471.100152,102,0
1615014471.109003,93,0
1615014471.1176121,86,0
1615014471.125141,82,0
1615014471.135162,75,0
1615014471.143945,72,0
1615014471.1513972,69,0
1615014471.158936,66,0
1615014471.1664581,66,0
1615014471.1664581,66,0
1615014471.1664581,66,0
1615014471.1664581,66,0
1615014471.1664581,66,0
1615014471.210575,65,0
1615014471.2239318,64,0
1615014471.2325099,-2048,0
1615014471.241428,-2048,0
1615014471.250397,-2048,0
1615014471.258961,-2048,0
1615014471.2677178,-2048,0
1615014471.2765062,-1883,0
1615014471.283884,-1620,0
1615014471.294016,-1388,0
1615014471.301377,-1145,0
1615014471.310265,-979,0
1615014471.3189151,-837,0
1615014471.326454,-684,0
1615014471.3376079,-488,0
1615014471.345194,-385,0
1615014471.354238,-349,0
1615014471.363942,71,0
1615014471.370125,-306,0
1615014471.381386,-236,0
1615014471.388875,-231,0
1615014471.3976471,-198,0
1615014471.4051,-162,0
1615014471.4114618,-138,0
1615014471.4163682,-124,0
1615014471.4163682,-124,0
1615014471.438884,-101,0
1615014471.447655,-41,0
1615014471.456398,-28,0
1615014471.463899,-18,0
1615014471.4676638,-11,0
1615014471.4676638,-11,0
1615014471.4676638,-11,0
1615014471.4676638,-11,0
1615014471.508971,-10,0
1615014471.518877,25,0
1615014471.527704,29,0
1615014471.5351129,33,0
1615014471.5439308,35,0
1615014471.552664,37,0
1615014471.562696,39,0
1615014471.5701041,40,0
1615014471.578964,43,0
1615014471.586406,42,0
1615014471.593896,52,0
1615014471.602638,48,0
1615014471.6102169,45,0
1615014471.618984,381,0
1615014471.627684,250,0
1615014471.6352232,1115,0
1615014471.645432,2047,0
1615014471.652736,2047,0
1615014471.662753,2047,0
1615014471.674001,2047,0
1615014471.6827362,2047,0
1615014471.687736,2047,0
1615014471.6990058,1956,0
1615014471.7093298,1635,0
1615014471.717777,1417,0
1615014471.7291892,1104,0
1615014471.7379498,957,0
1615014471.746568,803,0
1615014471.753958,698,0
1615014471.7627919,610,0
1615014471.76705,568,0
1615014471.76705,568,0
1615014471.76705,568,0
1615014471.76705,568,0
1615014471.810357,531,0
1615014471.818343,295,0
1615014471.825206,226,0
1615014471.835145,188,0
1615014471.842797,170,0
1615014471.850189,156,0
1615014471.860461,-2048,0
1615014471.867657,-2048,0
1615014471.877868,-2048,0
1615014471.8876622,-2048,0
1615014471.8951669,-2048,0
1615014471.906467,2047,0
1615014471.912631,-2048,0
1615014471.920136,-2048,0
1615014471.930091,-1745,0
1615014471.940125,-1442,0
1615014471.949028,-1236,0
1615014471.957678,-1017,0
1615014471.967896,-869,0
1615014471.977768,-684,0
1615014471.986416,-556,0
1615014471.995243,2047,0
1615014472.002663,2047,0
1615014472.00894,2047,0
1615014472.02014,2047,0
1615014472.0276139,2047,0
1615014472.037596,1764,0
1615014472.045108,1528,0
1615014472.053901,1324,0
1615014472.063839,1108,0
1615014472.067659,1041,0
1615014472.067659,1041,0
1615014472.067659,1041,0
1615014472.067659,1041,0
1615014472.106407,-2048,0
1615014472.11455,1128,0
1615014472.121469,913,0
1615014472.131625,792,0
1615014472.14163,644,0
1615014472.149212,562,0
1615014472.1591942,474,0
1615014472.166425,416,0
1615014472.1714041,389,0
1615014472.185112,-2048,0
1615014472.195096,-2048,0
1615014472.202642,-2048,0
1615014472.211364,-2048,0
1615014472.218849,-2048,0
1615014472.2288709,-1740,0
1615014472.236405,-1495,0
1615014472.2451682,-1332,0
1615014472.252685,-1096,0
1615014472.262669,515,0
1615014472.272696,2047,0
1615014472.2801301,2047,0
1615014472.288878,2047,0
1615014472.29762,2047,0
1615014472.305152,2047,0
1615014472.315191,1724,0
1615014472.3214169,1548,0
1615014472.331407,1296,0
1615014472.340193,1162,0
1615014472.347626,972,0
1615014472.3563561,817,0
1615014472.362659,736,0
1615014472.367574,663,0
1615014472.367574,663,0
1615014472.367574,663,0
1615014472.367574,663,0
1615014472.40894,597,0
1615014472.417944,298,0
1615014472.4205508,281,0
1615014472.434252,257,0
1615014472.4431129,202,0
1615014472.451831,172,0
1615014472.4603992,154,0
1615014472.469315,140,0
1615014472.476738,129,0
1615014472.4855628,115,0
1615014472.495559,103,0
1615014472.503055,97,0
1615014472.5130959,87,0
1615014472.522828,83,0
1615014472.530526,75,0
1615014472.539308,72,0
1615014472.548063,68,0
1615014472.555543,66,0
1615014472.5653288,64,0
1615014472.574406,60,0
1615014472.585258,58,0
1615014472.5927,56,0
1615014472.602626,55,0
1615014472.610155,54,0
1615014472.620128,54,0
1615014472.6276631,53,0
1615014472.63763,7,0
1615014472.645186,-2048,0
1615014472.653924,-2048,0
1615014472.662652,-2048,0
1615014472.666361,-1362,0
1615014472.666361,-1362,0
1615014472.666361,-1362,0
1615014472.666361,-1362,0
1615014472.666361,-1362,0
1615014472.715361,-382,0
1615014472.72018,179,0
1615014472.731443,780,0
1615014472.740143,679,0
1615014472.751447,553,0
1615014472.758923,467,0
1615014472.767652,409,0
1615014472.7763672,347,0
1615014472.7838311,307,0
1615014472.795097,256,0
1615014472.801346,233,0
1615014472.812665,196,0
1615014472.821356,177,0
1615014472.831671,155,0
1615014472.838906,144,0
1615014472.846401,131,0
1615014472.8551419,75,0
1615014472.86396,-244,0
1615014472.871669,-257,0
1615014472.883067,201,0
1615014472.888061,197,0
1615014472.89934,170,0
1615014472.909145,145,0
1615014472.916543,131,0
1615014472.926508,116,0
1615014472.934029,106,0
1615014472.941463,99,0
1615014472.951404,90,0
1615014472.961386,84,0
1615014472.967676,81,0
1615014472.967676,81,0
1615014472.967676,81,0
1615014472.967676,81,0
1615014473.006363,77,0
1615014473.008854,76,0
1615014473.02393,59,0
1615014473.031326,57,0
1615014473.040148,56,0
1615014473.048037,55,0
1615014473.055105,54,0
1615014473.066457,54,0
1615014473.071412,53,0
1615014473.082655,53,0
1615014473.091458,52,0
1615014473.100231,52,0
1615014473.107635,51,0
1615014473.1165628,-650,0
1615014473.1277912,-2048,0
1615014473.135294,-2048,0
1615014473.143898,-2048,0
1615014473.1526022,-2048,0
1615014473.1627688,-1817,0
1615014473.169047,-1622,0
1615014473.1789398,-1501,0
1615014473.187674,-1192,0
1615014473.1938539,-981,0
1615014473.2038982,-806,0
1615014473.213845,-660,0
1615014473.221419,-562,0
1615014473.231831,-456,0
1615014473.2389069,-585,0
1615014473.247692,-458,0
1615014473.256444,-374,0
1615014473.263926,-326,0
1615014473.267624,-284,0
1615014473.267624,-284,0
1615014473.267624,-284,0
1615014473.267624,-284,0
1615014473.267624,-284,0
1615014473.3151062,-250,0
1615014473.325202,-76,0
1615014473.3340302,-46,0
1615014473.3426828,-34,0
1615014473.3513641,-20,0
1615014473.360126,-7,0
1615014473.3675961,0,0
1615014473.375218,6,0
1615014473.3813682,11,0
1615014473.3813682,11,0
1615014473.402636,13,0
1615014473.4101639,26,0
1615014473.418853,29,0
1615014473.426461,34,0
1615014473.436352,37,0
1615014473.447648,38,0
1615014473.456352,40,0
1615014473.4613912,41,0
1615014473.4739258,42,0
1615014473.481625,43,0
1615014473.4892,44,0
1615014473.499132,44,0
1615014473.50927,45,0
1615014473.5205529,48,0
1615014473.527612,48,0
1615014473.537706,48,0
1615014473.546763,49,0
1615014473.557878,50,0
1615014473.565411,49,0
1615014473.567034,49,0
1615014473.567034,49,0
1615014473.567034,49,0
1615014473.567034,49,0
1615014473.611588,50,0
1615014473.618906,50,0
1615014473.625331,2047,0
1615014473.633887,1931,0
1615014473.643852,1617,0
1615014473.652734,1351,0
1615014473.661589,1172,0
1615014473.668969,1051,0
1615014473.670629,1015,0
1615014473.6880379,-2048,0
1615014473.69535,2047,0
1615014473.704319,-2048,0
1615014473.7156742,-2048,0
1615014473.721795,-2048,0
1615014473.731702,-1795,0
1615014473.7402198,-1482,0
1615014473.7492092,-1272,0
1615014473.756769,-1090,0
1615014473.7680352,-860,0
1615014473.777704,-706,0
1615014473.786399,-600,0
1615014473.793847,-509,0
1615014473.80383,-413,0
1615014473.811479,-349,0
1615014473.8188941,2047,0
1615014473.828827,-954,0
1615014473.8363252,2047,0
1615014473.846375,-1351,0
1615014473.853865,2047,0
1615014473.863901,2047,0
1615014473.866407,2047,0
1615014473.866407,2047,0
1615014473.866407,2047,0
1615014473.866407,2047,0
1615014473.866407,2047,0
1615014473.916319,2047,0
1615014473.9251788,824,0
1615014473.93638,-2048,0
1615014473.945184,-2048,0
1615014473.95259,-2048,0
1615014473.9613051,-2048,0
1615014473.9713018,-1953,0
1615014473.977633,-1811,0
1615014473.977633,-1811,0
1615014474.000205,-1143,0
1615014474.008798,-978,0
1615014474.0188448,-772,0
1615014474.026324,-658,0
1615014474.0350752,-536,0
1615014474.0450618,-437,0
1615014474.053853,-370,0
1615014474.061304,-311,0
1615014474.067542,-273,0
1615014474.077641,-217,0
1615014474.086473,-181,0
1615014474.0938292,-140,0
1615014474.1038342,-108,0
1615014474.111449,-91,0
1615014474.120121,-68,0
1615014474.127572,-51,0
1615014474.1338098,-40,0
1615014474.142595,-24,0
1615014474.1526241,-11,0
1615014474.161385,2047,0
1615014474.166454,2047,0
1615014474.166454,2047,0
1615014474.166454,2047,0
1615014474.166454,2047,0
1615014474.166454,2047,0
1615014474.211317,-1450,0
1615014474.2225878,2047,0
1615014474.228817,2047,0
1615014474.2387998,1794,0
1615014474.246355,1554,0
1615014474.256344,1300,0
1615014474.266453,1088,0
1615014474.273898,944,0
1615014474.281312,819,0
1615014474.2929,689,0
1615014474.3013241,580,0
1615014474.3088288,505,0
1615014474.3175712,441,0
1615014474.3250859,388,0
1615014474.335029,330,0
1615014474.341332,299,0
1615014474.3500412,258,0
1615014474.36007,221,0
1615014474.370045,-2048,0
1615014474.3750982,283,0
1615014474.3875551,316,0
1615014474.395052,268,0
1615014474.405065,231,0
1615014474.412599,205,0
1615014474.422556,180,0
1615014474.430059,162,0
1615014474.4413068,138,0
1615014474.450062,125,0
1615014474.457555,115,0
1615014474.465106,-2048,0
1615014474.465106,-2048,0
1615014474.465106,-2048,0
1615014474.465106,-2048,0
1615014474.465106,-2048,0
1615014474.507644,-2048,0
1615014474.516289,1059,0
1615014474.525173,-2048,0
1615014474.533797,-2048,0
1615014474.5425339,-2048,0
1615014474.5488331,-2048,0
1615014474.559093,-1946,0
1615014474.5663412,-1805,0
1615014474.576295,-1383,0
1615014474.58253,-1233,0
1615014474.592601,-1014,0
1615014474.602766,-833,0
1615014474.610085,-710,0
1615014474.617548,-604,0
1615014474.6250722,-515,0
1615014474.635084,-418,0
1615014474.642569,-369,0
1615014474.651318,-296,0
1615014474.658825,-249,0
1615014474.667555,-206,0
1615014474.676299,-164,0
1615014474.6838248,-134,0
1615014474.693829,-102,0
1615014474.701293,-81,0
1615014474.707546,-67,0
1615014474.717566,-45,0
1615014474.726301,-34,0
1615014474.732584,-21,0
1615014474.7426171,-10,0
1615014474.751358,-2,0
1615014474.7601001,7,0
1615014474.767659,11,0
1615014474.767659,11,0
1615014474.767659,11,0
1615014474.767659,11,0
1615014474.767659,11,0
1615014474.811921,12,0
1615014474.818841,35,0
1615014474.828802,38,0
1615014474.8363242,40,0
1615014474.843797,41,0
1615014474.853813,42,0
1615014474.86257,43,0
1615014474.867531,43,0
1615014474.8788831,44,0
1615014474.888829,45,0
1615014474.898891,48,0
1615014474.907728,48,0
1615014474.9150872,48,0
1615014474.920325,48,0
1615014474.920325,48,0
1615014474.9413629,49,0
1615014474.948799,50,0
1615014474.956359,50,0
1615014474.966294,50,0
1615014474.975106,50,0
1615014474.9838238,50,0
1615014474.9926221,57,0
1615014475.000059,2047,0
1615014475.008897,2047,0
1615014475.018778,1660,0
1615014475.026301,-2048,0
1615014475.033776,-1926,0
1615014475.042583,-1655,0
1615014475.051336,-1367,0
1615014475.061329,-1126,0
1615014475.0663419,-1043,0
1615014475.0663419,-1043,0
1615014475.0663419,-1043,0
1615014475.0663419,-1043,0
1615014475.0663419,-1043,0
1615014475.11261,-1002,0
1615014475.1258292,1954,0
1615014475.1350322,1522,0
1615014475.141382,1318,0
1615014475.152556,1064,0
1615014475.1601222,922,0
1615014475.170053,775,0
1615014475.170053,775,0
1615014475.170053,775,0
1615014475.170053,775,0
1615014475.2066932,747,0
1615014475.215018,380,0
1615014475.221302,333,0
1615014475.2326028,267,0
1615014475.240173,240,0
1615014475.248826,212,0
1615014475.2563279,188,0
1615014475.2563279,188,0
1615014475.275131,176,0
1615014475.2838132,-2048,0
1615014475.293003,-2048,0
1615014475.301357,-2048,0
1615014475.310238,2047,0
1615014475.3176498,2047,0
1615014475.3251672,2047,0
1615014475.3350558,1814,0
1615014475.342659,1573,0
1615014475.3513489,1363,0
1615014475.3576121,1180,0
1615014475.367574,987,0
1615014475.367574,987,0
1615014475.367574,987,0
1615014475.367574,987,0
1615014475.367574,987,0
1615014475.367574,987,0
1615014475.421005,-2048,0
1615014475.427694,-2039,0
1615014475.4362938,-2048,0
1615014475.4438689,-2048,0
1615014475.45382,-2010,0
1615014475.461283,2047,0
1615014475.4688199,-1366,0
1615014475.4787688,2047,0
1615014475.4889169,2047,0
1615014475.4963021,2047,0
1615014475.5050619,-2048,0
1615014475.5125241,-2048,0
1615014475.52004,-2048,0
1615014475.53007,-2024,0
1615014475.538901,-1741,0
1615014475.5475159,-1441,0
1615014475.555066,-1235,0
1615014475.563797,-1057,0
1615014475.5727072,-903,0
1615014475.581268,-741,0
1615014475.588995,-631,0
1615014475.600051,-493,0
1615014475.606443,-437,0
1615014475.61635,-354,0
1615014475.625133,-283,0
1615014475.633822,-238,0
1615014475.641349,-198,0
1615014475.648761,-164,0
1615014475.658853,2047,0
1615014475.666286,-1411,0
1615014475.666286,-1411,0
1615014475.666286,-1411,0
1615014475.666286,-1411,0
1615014475.666286,-1411,0
1615014475.666286,-1411,0
1615014475.720103,2047,0
1615014475.729253,-1956,0
1615014475.736386,-1559,0
1615014475.745138,-1286,0
1615014475.753876,-1060,0
1615014475.7637901,-871,0
1615014475.7726772,2047,0
1615014475.781336,677,0
1615014475.790787,2047,0
1615014475.797531,2047,0
1615014475.807631,2047,0
1615014475.815029,2047,0
1615014475.821435,1843,0
1615014475.832581,1485,0
1615014475.8401432,1287,0
1615014475.8513448,1078,0
1615014475.857557,-2048,0
1615014475.8675358,1622,0
1615014475.877544,-2048,0
1615014475.886388,-2048,0
1615014475.893892,-2048,0
1615014475.902564,2047,0
1615014475.910217,2047,0
1615014475.9200299,2047,0
1615014475.930018,1836,0
1615014475.938793,1593,0
1615014475.941262,1482,0
1615014475.941262,1482,0
1615014475.965152,1380,0
1615014475.9677958,1332,0
1615014475.9677958,1332,0
1615014475.9677958,1332,0
1615014475.9677958,1332,0
1615014475.9677958,1332,0
1615014476.0216918,384,0
1615014476.027606,338,0
1615014476.027606,338,0
1615014476.046407,308,0
1615014476.053888,219,0
1615014476.0625799,192,0
1615014476.072526,167,0
1615014476.0788631,153,0
1615014476.0888,136,0
1615014476.0988202,121,0
1615014476.106426,112,0
1615014476.111347,104,0
1615014476.1229591,96,0
1615014476.1314938,88,0
1615014476.139041,83,0
1615014476.147978,76,0
1615014476.155502,73,0
1615014476.166453,69,0
1615014476.1705081,68,0
1615014476.184203,66,0
1615014476.194067,60,0
1615014476.201588,59,0
1615014476.214568,56,0
1615014476.2226188,55,0
1615014476.229119,54,0
1615014476.240478,53,0
1615014476.248262,53,0
1615014476.256453,52,0
1615014476.266346,51,0
1615014476.266346,51,0
1615014476.266346,51,0
1615014476.266346,51,0
1615014476.266346,51,0
1615014476.312608,51,0
1615014476.3206232,433,0
1615014476.3305159,344,0
1615014476.33887,294,0
1615014476.346393,260,0
1615014476.354203,231,0
1615014476.363963,-2048,0
1615014476.371264,-2048,0
1615014476.3801239,-2048,0
1615014476.387553,-2048,0
1615014476.3963661,-2048,0
1615014476.4063559,-1913,0
1615014476.4164228,-1644,0
1615014476.425057,-1358,0
1615014476.4337761,-1118,0
1615014476.441346,-956,0
1615014476.450094,-818,0
1615014476.460094,-669,0
1615014476.468815,-548,0
1615014476.4775438,-465,0
1615014476.488835,-360,0
1615014476.4963589,-302,0
1615014476.505219,-254,0
1615014476.5126,-214,0
1615014476.521343,-167,0
1615014476.527495,-145,0
1615014476.537537,-110,0
1615014476.537537,-110,0
1615014476.556347,-82,0
1615014476.565024,2047,0
1615014476.566624,2047,0
1615014476.566624,2047,0
1615014476.566624,2047,0
1615014476.566624,2047,0
1615014476.566624,2047,0
1615014476.614423,2047,0
1615014476.624196,2047,0
1615014476.637792,-1400,0
1615014476.64818,-1089,0
1615014476.6551192,2047,0
1615014476.6627378,2047,0
1615014476.672564,2047,0
1615014476.680007,2047,0
1615014476.691277,2047,0
1615014476.700222,1786,0
1615014476.710763,1494,0
1615014476.718941,1250,0
1615014476.725167,1122,0
1615014476.735073,939,0
1615014476.742518,817,0
1615014476.752672,685,0
1615014476.7600589,598,0
1615014476.770025,504,0
1615014476.780139,426,0
1615014476.787624,387,0
1615014476.795022,329,0
1615014476.805036,281,0
1615014476.8126268,249,0
1615014476.822567,215,0
1615014476.8313332,193,0
1615014476.840064,167,0
1615014476.84768,151,0
1615014476.857557,134,0
1615014476.867716,119,0
1615014476.867716,119,0
1615014476.867716,119,0
1615014476.867716,119,0
1615014476.867716,119,0
1615014476.9112792,108,0
1615014476.9200819,75,0
1615014476.927474,71,0
1615014476.9362528,68,0
1615014476.943776,66,0
1615014476.95381,64,0
1615014476.962461,59,0
1615014476.9688509,58,0
1615014476.98127,56,0
1615014476.987666,56,0
1615014476.997539,54,0
1615014477.006269,54,0
1615014477.012501,53,0
1615014477.021329,52,0
1615014477.0312479,52,0
1615014477.037715,52,0
1615014477.0475268,51,0
1615014477.055207,51,0
1615014477.065067,51,0
1615014477.072675,50,0
1615014477.0825112,50,0
1615014477.0924978,50,0
1615014477.1000562,50,0
1615014477.110026,50,0
1615014477.11759,50,0
1615014477.125012,50,0
1615014477.136383,50,0
1615014477.145109,50,0
1615014477.1525881,50,0
1615014477.162522,49,0
1615014477.16751,49,0
1615014477.16751,49,0
1615014477.16751,49,0
1615014477.16751,49,0
1615014477.16751,49,0
1615014477.212542,50,0
1615014477.2215528,691,0
1615014477.231246,1435,0
1615014477.238831,-2048,0
1615014477.250067,2047,0
1615014477.260038,-2048,0
1615014477.2675898,-2048,0
1615014477.277489,1221,0
1615014477.286252,-2048,0
1615014477.292562,2047,0
1615014477.3025038,-2048,0
1615014477.311281,168,0
1615014477.320066,-1806,0
1615014477.326345,2047,0
1615014477.3363252,515,0
1615014477.342565,2047,0
1615014477.352538,2047,0
1615014477.362507,1996,0
1615014477.3700008,2038,0
1615014477.378793,1273,0
1615014477.385094,84,0
1615014477.3950698,-2048,0
1615014477.4024692,-2048,0
1615014477.4112651,-2048,0
1615014477.416262,-2048,0
1615014477.416262,-2048,0
1615014477.416262,-2048,0
1615014477.416262,-2048,0
1615014477.4554482,-2048,0
1615014477.4580328,-2048,0
1615014477.4749372,-1090,0
1615014477.481338,-968,0
1615014477.4913962,-578,0
1615014477.50282,-433,0
1615014477.5117388,-366,0
1615014477.5201468,-294,0
1615014477.5263932,-258,0
1615014477.536261,-204,0
1615014477.543814,-169,0
1615014477.551312,-139,0
1615014477.5614238,-106,0
1615014477.569047,-85,0
1615014477.57879,-61,0
1615014477.585242,-50,0
1615014477.5939388,-39,0
1615014477.602541,-22,0
1615014477.611383,-9,0
1615014477.619998,-1,0
1615014477.619998,-1,0
1615014477.619998,-1,0
1615014477.619998,-1,0
1615014477.656346,2,0
1615014477.6637828,25,0
1615014477.6737752,32,0
1615014477.682521,34,0
1615014477.691571,37,0
1615014477.698837,38,0
1615014477.7075388,40,0
1615014477.715171,40,0
1615014477.722551,42,0
1615014477.731298,43,0
1615014477.738815,44,0
1615014477.7487779,44,0
1615014477.7562602,45,0
1615014477.763907,48,0
1615014477.766656,48,0
1615014477.766656,48,0
1615014477.766656,48,0
1615014477.766656,48,0
1615014477.8100128,48,0
1615014477.8162801,49,0
1615014477.8162801,49,0
1615014477.836333,49,0
1615014477.843798,50,0
1615014477.8526568,50,0
1615014477.860058,50,0
1615014477.869992,50,0
1615014477.88006,50,0
1615014477.888723,50,0
1615014477.89754,50,0
1615014477.909045,51,0
1615014477.915018,51,0
1615014477.923768,50,0
1615014477.9337542,50,0
1615014477.941207,50,0
1615014477.9512131,50,0
1615014477.957484,50,0
1615014477.967537,50,0
1615014477.974988,50,0
1615014477.9850528,51,0
1615014477.9937458,50,0
1615014478.002501,51,0
1615014478.009971,51,0
1615014478.01997,51,0
1615014478.0301929,50,0
1615014478.037483,51,0
1615014478.047582,51,0
1615014478.0549939,51,0
1615014478.0650291,51,0
1615014478.067573,50,0
1615014478.067573,50,0
1615014478.067573,50,0
1615014478.067573,50,0
1615014478.067573,50,0
1615014478.1175199,2047,0
1615014478.126289,2047,0
1615014478.133769,2047,0
1615014478.142517,2047,0
1615014478.151326,1905,0
1615014478.15871,1651,0
1615014478.1662679,1430,0
1615014478.170047,1332,0
1615014478.185007,1075,0
1615014478.192628,900,0
1615014478.2025,756,0
1615014478.211338,634,0
1615014478.218741,553,0
1615014478.228768,484,0
1615014478.23751,409,0
1615014478.2462158,347,0
1615014478.256226,297,0
1615014478.263762,263,0
1615014478.272636,233,0
1615014478.2800362,214,0
1615014478.287603,185,0
1615014478.29878,157,0
1615014478.308716,139,0
1615014478.31503,130,0
1615014478.3224802,119,0
1615014478.332524,106,0
1615014478.3425121,98,0
1615014478.351328,90,0
1615014478.361228,83,0
1615014478.3674932,77,0
1615014478.3674932,77,0
1615014478.3674932,77,0
1615014478.3674932,77,0
1615014478.407712,75,0
1615014478.416221,60,0
1615014478.4225001,58,0
1615014478.432514,57,0
1615014478.437502,56,0
1615014478.447819,55,0
1615014478.455337,54,0
1615014478.4665558,53,0
1615014478.4725,53,0
1615014478.483753,52,0
1615014478.491488,51,0
1615014478.501368,52,0
1615014478.501368,52,0
1615014478.51999,52,0
1615014478.527509,51,0
1615014478.536314,50,0
1615014478.5450199,50,0
1615014478.554121,50,0
1615014478.561363,50,0
1615014478.568768,50,0
1615014478.578801,49,0
1615014478.586259,50,0
1615014478.596281,50,0
1615014478.606316,50,0
1615014478.6150641,50,0
1615014478.623755,49,0
1615014478.631267,49,0
1615014478.638762,49,0
1615014478.648712,50,0
1615014478.655067,49,0
1615014478.6662312,49,0
1615014478.6662312,49,0
1615014478.6662312,49,0
1615014478.6662312,49,0
1615014478.6662312,49,0
1615014478.705312,49,0
1615014478.717509,49,0
1615014478.726301,49,0
1615014478.736216,49,0
1615014478.743784,50,0
1615014478.7524962,50,0
1615014478.7600589,49,0
1615014478.7674649,49,0
1615014478.777462,49,0
1615014478.784954,49,0
1615014478.7937741,49,0
1615014478.8037188,49,0
1615014478.812532,50,0
1615014478.821284,50,0
1615014478.8287401,50,0
1615014478.836225,50,0
1615014478.845047,49,0
1615014478.853763,50,0
1615014478.8636951,49,0
1615014478.872791,49,0
1615014478.879968,50,0
1615014478.8887382,50,0
1615014478.897509,49,0
1615014478.906236,49,0
1615014478.9162061,50,0
1615014478.925024,49,0
1615014478.933713,50,0
1615014478.9413278,49,0
1615014478.950026,50,0
1615014478.960017,50,0
1615014478.9674299,50,0
1615014478.9674299,50,0
1615014478.9674299,50,0
1615014478.9674299,50,0
1615014478.9674299,50,0
1615014479.013708,50,0
1615014479.0225239,49,0
1615014479.0299551,49,0
1615014479.041226,49,0
1615014479.049931,49,0
1615014479.057452,49,0
1615014479.068672,50,0
1615014479.0775099,49,0
1615014479.083692,50,0
1615014479.092614,49,0
1615014479.096203,49,0
1615014479.096203,49,0
1615014479.1186628,49,0
1615014479.125041,49,0
1615014479.128674,49,0
1615014479.128674,49,0
1615014479.128674,49,0
1615014479.128674,49,0
1615014479.128674,49,0
1615014479.179081,49,0
1615014479.1849449,49,0
1615014479.1937149,49,0
1615014479.2024362,49,0
1615014479.212457,49,0
1615014479.221191,49,0
1615014479.227463,49,0
1615014479.236191,-2048,0
1615014479.243819,-2048,0
1615014479.2524512,-2048,0
1615014479.260011,-2048,0
1615014479.267435,-2048,0
1615014479.267435,-2048,0
1615014479.267435,-2048,0
1615014479.267435,-2048,0
1615014479.267435,-2048,0
1615014479.31682,-1786,0
1615014479.3249469,-1219,0
1615014479.333737,-1001,0
1615014479.34245,-823,0
1615014479.349996,-701,0
1615014479.360072,-598,0
1615014479.369985,-468,0
1615014479.377511,-395,0
1615014479.383709,-348,0
1615014479.392558,-322,0
1615014479.392558,-322,0
1615014479.410005,-307,0
1615014479.418713,-161,0
1615014479.418713,-161,0
1615014479.418713,-161,0
1615014479.447488,-132,0
1615014479.450042,-70,0
1615014479.450042,-70,0
1615014479.4736981,-61,0
1615014479.4800289,-19,0
1615014479.4800289,-19,0
1615014479.4800289,-19,0
1615014479.506204,-10,0
1615014479.5100942,11,0
1615014479.5100942,11,0
1615014479.5336902,17,0
1615014479.543767,28,0
1615014479.552554,34,0
1615014479.55743,36,0
1615014479.566211,38,0
1615014479.566211,38,0
1615014479.566211,38,0
1615014479.566211,38,0
1615014479.566211,38,0
1615014479.566211,38,0
1615014479.566211,38,0
1615014479.631296,39,0
1615014479.6411872,48,0
1615014479.651229,49,0
1615014479.658765,49,0
1615014479.666511,49,0
1615014479.677429,49,0
1615014479.6837142,49,0
1615014479.69373,49,0
1615014479.701196,50,0
1615014479.7111838,50,0
1615014479.7111838,50,0
1615014479.7111838,50,0
1615014479.7362921,50,0
1615014479.741195,50,0
1615014479.741195,50,0
1615014479.741195,50,0
1615014479.769956,50,0
1615014479.769956,50,0
1615014479.769956,50,0
1615014479.797473,50,0
1615014479.8024251,50,0
1615014479.8024251,50,0
1615014479.8237581,50,0
1615014479.83123,50,0
1615014479.839914,51,0
1615014479.8499699,51,0
1615014479.861154,50,0
1615014479.866303,50,0
1615014479.866303,50,0
1615014479.866303,50,0
1615014479.866303,50,0
1615014479.903786,50,0
1615014479.9111931,51,0
1615014479.919997,50,0
1615014479.927407,51,0
1615014479.936202,50,0
1615014479.9449239,50,0
1615014479.9512,51,0
1615014479.961191,50,0
1615014479.969989,50,0
1615014479.978663,51,0
1615014479.988696,51,0
1615014479.998807,50,0
1615014480.0062468,51,0
1615014480.016215,50,0
1615014480.02619,50,0
1615014480.0337439,50,0
1615014480.0411599,50,0
1615014480.045241,50,0
1615014480.0587032,50,0
1615014480.068727,50,0
1615014480.076162,50,0
1615014480.084939,50,0
1615014480.096292,50,0
1615014480.1037061,50,0
1615014480.111188,50,0
1615014480.121165,50,0
1615014480.1299782,50,0
1615014480.1387038,50,0
1615014480.146184,50,0
1615014480.1524282,51,0
1615014480.159971,50,0
1615014480.167402,50,0
1615014480.167402,50,0
1615014480.167402,50,0
1615014480.167402,50,0
1615014480.204957,50,0
1615014480.21371,50,0
1615014480.2237,51,0
1615014480.2325408,50,0
1615014480.238683,50,0
1615014480.248746,50,0
1615014480.258656,50,0
1615014480.2675588,50,0
1615014480.276232,50,0
1615014480.283759,50,0
1615014480.2936552,50,0
1615014480.30127,50,0
1615014480.311145,50,0
1615014480.316272,50,0
1615014480.316272,50,0
1615014480.316272,50,0
1615014480.316272,50,0
1615014480.352504,50,0
1615014480.3623989,51,0
1615014480.3712242,50,0
1615014480.37742,51,0
1615014480.37742,51,0
1615014480.400407,51,0
1615014480.409895,51,0
1615014480.417513,50,0
1615014480.427449,51,0
1615014480.4362218,50,0
1615014480.443666,50,0
1615014480.4536982,50,0
1615014480.463776,50,0
1615014480.467468,50,0
1615014480.467468,50,0
1615014480.467468,50,0
1615014480.467468,50,0
1615014480.467468,50,0
1615014480.467468,50,0
1615014480.467468,50,0
1615014480.467468,50,0
1615014480.538711,50,0
1615014480.5461671,50,0
1615014480.5563278,50,0
1615014480.563671,50,0
1615014480.572408,50,0
1615014480.582426,50,0
1615014480.5912251,50,0
1615014480.6011672,52,0
1615014480.607414,74,0
1615014480.6174378,200,0
1615014480.627417,834,0
1615014480.634916,1699,0
1615014480.6436648,2047,0
1615014480.65122,2047,0
1615014480.65992,2047,0
1615014480.66626,2047,0
1615014480.677429,2047,0
1615014480.683698,2047,0
1615014480.693741,2047,0
1615014480.7024598,1975,0
1615014480.715029,1595,0
1615014480.721211,1333,0
1615014480.7316868,1114,0
1615014480.7399008,932,0
1615014480.748811,809,0
1615014480.756167,705,0
1615014480.764996,614,0
1615014480.767443,572,0
1615014480.767443,572,0
1615014480.767443,572,0
1615014480.767443,572,0
1615014480.807447,535,0
1615014480.8162198,272,0
1615014480.8223958,233,0
1615014480.8325481,201,0
1615014480.8399029,181,0
1615014480.847457,163,0
1615014480.857425,144,0
1615014480.866236,131,0
1615014480.874908,117,0
1615014480.884932,104,0
1615014480.892444,98,0
1615014480.902404,88,0
1615014480.912443,84,0
1615014480.920001,76,0
1615014480.927476,73,0
1615014480.9374259,70,0
1615014480.944906,67,0
1615014480.954902,64,0
1615014480.9636679,60,0
1615014480.9712121,59,0
1615014480.9786618,58,0
1615014480.988652,56,0
1615014480.996168,55,0
1615014481.0073888,54,0
1615014481.013702,53,0
1615014481.023631,53,0
1615014481.031188,52,0
1615014481.039922,52,0
1615014481.0474072,52,0
1615014481.0549161,51,0
1615014481.061149,51,0
1615014481.061149,51,0
1615014481.061149,51,0
1615014481.061149,51,0
1615014481.061149,51,0
1615014481.061149,51,0
1615014481.118742,51,0
1615014481.12739,50,0
1615014481.1361501,50,0
1615014481.143708,50,0
1615014481.152399,50,0
1615014481.159952,50,0
1615014481.168731,50,0
1615014481.178663,50,0
1615014481.186204,50,0
1615014481.196152,49,0
1615014481.203656,50,0
1615014481.2137501,50,0
1615014481.2211561,50,0
1615014481.231195,-1457,0
1615014481.238652,131,0
1615014481.248717,116,0
1615014481.2574568,101,0
1615014481.267501,92,0
1615014481.276206,87,0
1615014481.2849128,80,0
1615014481.293643,75,0
1615014481.3023841,71,0
1615014481.3086588,69,0
1615014481.3174899,-2048,0
1615014481.326199,-2048,0
1615014481.33616,-2048,0
1615014481.346178,-2048,0
1615014481.353646,-2048,0
1615014481.363661,-1876,0
1615014481.367436,2047,0
1615014481.367436,2047,0
1615014481.367436,2047,0
1615014481.367436,2047,0
1615014481.4087198,2047,0
1615014481.416233,2047,0
1615014481.420189,1512,0
1615014481.431294,-2048,0
1615014481.4411771,-2048,0
1615014481.4512022,444,0
1615014481.4598742,-2048,0
1615014481.4686568,-2048,0
1615014481.477401,-1961,0
1615014481.4848971,-1624,0
1615014481.49246,-1394,0
1615014481.5036669,-1106,0
1615014481.50996,-982,0
1615014481.522588,-775,0
1615014481.52991,-661,0
1615014481.537466,-563,0
1615014481.548665,-439,0
1615014481.556195,-388,0
1615014481.5623722,-327,0
1615014481.5723982,-262,0
1615014481.581111,-218,0
1615014481.589903,-172,0
1615014481.599982,-134,0
1615014481.6099122,-103,0
1615014481.617439,-82,0
1615014481.627419,-58,0
1615014481.637399,-41,0
1615014481.646127,-25,0
1615014481.65494,-18,0
1615014481.65744,-13,0
1615014481.65744,-13,0
1615014481.65744,-13,0
1615014481.65744,-13,0
1615014481.65744,-13,0
1615014481.709868,-5,0
1615014481.720004,26,0
1615014481.726114,33,0
1615014481.736209,36,0
1615014481.746228,39,0
1615014481.753675,39,0
1615014481.762483,40,0
1615014481.771183,42,0
1615014481.7773938,43,0
1615014481.78751,43,0
1615014481.7948759,44,0
1615014481.803664,45,0
1615014481.8099022,45,0
1615014481.8186471,48,0
1615014481.8286998,48,0
1615014481.837476,49,0
1615014481.847418,49,0
1615014481.853621,49,0
1615014481.8651059,49,0
1615014481.873694,50,0
1615014481.882396,50,0
1615014481.888656,50,0
1615014481.898636,49,0
1615014481.906146,50,0
1615014481.914884,49,0
1615014481.9237518,50,0
1615014481.932389,50,0
1615014481.939989,50,0
1615014481.947374,50,0
1615014481.957435,50,0
1615014481.964902,51,0
1615014481.967351,50,0
1615014481.967351,50,0
1615014481.967351,50,0
1615014481.967351,50,0
1615014482.008689,50,0
1615014482.016178,51,0
1615014482.0224571,50,0
1615014482.031115,50,0
1615014482.041118,50,0
1615014482.051102,50,0
1615014482.0586822,50,0
1615014482.0686631,50,0
1615014482.0786738,50,0
1615014482.086124,50,0
1615014482.096129,51,0
1615014482.106188,50,0
1615014482.113719,50,0
1615014482.125063,50,0
1615014482.13131,51,0
1615014482.138984,50,0
1615014482.151176,50,0
1615014482.159856,50,0
1615014482.169865,50,0
1615014482.169865,50,0
1615014482.169865,50,0
1615014482.169865,50,0
1615014482.169865,50,0
1615014482.212885,51,0
1615014482.223837,50,0
1615014482.232466,50,0
1615014482.240093,50,0
1615014482.25011,51,0
1615014482.259959,51,0
1615014482.266182,50,0
1615014482.266182,50,0
1615014482.266182,50,0
1615014482.266182,50,0
1615014482.266182,50,0
1615014482.312402,50,0
1615014482.3209531,50,0
1615014482.327453,51,0
1615014482.339964,51,0
1615014482.3474529,51,0
1615014482.357408,50,0
1615014482.363733,50,0
1615014482.3724182,51,0
1615014482.381221,50,0
1615014482.389926,50,0
1615014482.3974102,51,0
1615014482.4061282,50,0
1615014482.416173,50,0
1615014482.426178,50,0
1615014482.428687,50,0
1615014482.442421,50,0
1615014482.451214,50,0
1615014482.4613419,50,0
1615014482.4673889,50,0
1615014482.478644,50,0
1615014482.487417,50,0
1615014482.494863,50,0
1615014482.503635,50,0
1615014482.512374,50,0
1615014482.521206,50,0
1615014482.531199,50,0
1615014482.5398982,50,0
1615014482.548617,50,0
1615014482.557527,50,0
1615014482.566211,50,0
1615014482.566211,50,0
1615014482.566211,50,0
1615014482.566211,50,0
1615014482.566211,50,0
1615014482.6100092,51,0
1615014482.618764,51,0
1615014482.62876,51,0
1615014482.6375701,50,0
1615014482.648963,50,0
1615014482.657911,50,0
1615014482.665028,50,0
1615014482.673818,50,0
1615014482.682425,50,0
1615014482.691165,50,0
1615014482.700021,50,0
1615014482.707361,50,0
1615014482.7150211,50,0
1615014482.723725,51,0
1615014482.73364,50,0
1615014482.738723,49,0
1615014482.7511292,50,0
1615014482.759941,50,0
1615014482.7673569,51,0
1615014482.773628,51,0
1615014482.7861829,51,0
1615014482.7951381,51,0
1615014482.7951381,51,0
1615014482.813618,1499,0
1615014482.821117,2047,0
1615014482.828606,2047,0
1615014482.838635,2047,0
1615014482.847339,2047,0
1615014482.856108,2047,0
1615014482.8636632,1928,0
1615014482.867379,1796,0
1615014482.867379,1796,0
1615014482.867379,1796,0
1615014482.867379,1796,0
1615014482.9076931,1557,0
1615014482.9177651,764,0
1615014482.9261708,645,0
1615014482.9349902,-2048,0
1615014482.940196,-2048,0
1615014482.940196,-2048,0
1615014482.958604,-2048,0
1615014482.967345,-2048,0
1615014482.97361,-1973,0
1615014482.986133,-1573,0
1615014482.992356,-1349,0
1615014483.003623,-1068,0
1615014483.0136168,-877,0
1615014483.021106,-749,0
1615014483.027404,-664,0
1615014483.038629,-521,0
1615014483.048631,-425,0
1615014483.0561001,-374,0
1615014483.0648818,-300,0
1615014483.0723782,-190,0
1615014483.082379,657,0
1615014483.089914,1204,0
1615014483.0998669,2047,0
1615014483.1073668,1776,0
1615014483.117441,1209,0
1615014483.127476,2047,0
1615014483.1336792,2047,0
1615014483.1425002,2047,0
1615014483.1511848,2047,0
1615014483.158837,1824,0
1615014483.166118,1580,0
1615014483.166118,1580,0
1615014483.166118,1580,0
1615014483.166118,1580,0
1615014483.166118,1580,0
1615014483.211154,1367,0
1615014483.218627,652,0
1615014483.228718,534,0
1615014483.238668,452,0
1615014483.246136,381,0
1615014483.2561212,327,0
1615014483.266114,235,0
1615014483.273673,240,0
1615014483.283672,161,0
1615014483.2899258,67,0
1615014483.301114,178,0
1615014483.308618,195,0
1615014483.317407,178,0
1615014483.3285918,148,0
1615014483.336125,88,0
1615014483.346136,-87,0
1615014483.3536131,152,0
1615014483.363714,130,0
1615014483.371155,119,0
1615014483.381151,105,0
1615014483.388698,98,0
1615014483.3987598,89,0
1615014483.404906,85,0
1615014483.414904,80,0
1615014483.422395,74,0
1615014483.432356,70,0
1615014483.44109,67,0
1615014483.451099,64,0
1615014483.460002,60,0
1615014483.4674828,59,0
1615014483.4674828,59,0
1615014483.4674828,59,0
1615014483.4674828,59,0
1615014483.4674828,59,0
1615014483.512481,58,0
1615014483.519922,53,0
1615014483.527387,53,0
1615014483.537429,52,0
1615014483.5487201,52,0
1615014483.557428,51,0
1615014483.565044,51,0
1615014483.572374,51,0
1615014483.5823722,50,0
1615014483.589979,50,0
1615014483.599821,50,0
1615014483.6101,50,0
1615014483.617428,50,0
1615014483.6211782,50,0
1615014483.637387,50,0
1615014483.644903,49,0
1615014483.653598,49,0
1615014483.659868,49,0
1615014483.6723561,50,0
1615014483.681153,50,0
1615014483.689873,50,0
1615014483.698605,49,0
1615014483.70737,49,0
1615014483.7148259,50,0
1615014483.723685,50,0
1615014483.731113,49,0
1615014483.741181,49,0
1615014483.7511091,49,0
1615014483.759841,49,0
1615014483.7673469,49,0
1615014483.7673469,49,0
1615014483.7673469,49,0
1615014483.7673469,49,0
1615014483.7673469,49,0
1615014483.815156,49,0
1615014483.8236108,49,0
1615014483.8348742,50,0
1615014483.8435662,50,0
1615014483.8535738,49,0
1615014483.861109,49,0
1615014483.871316,49,0
1615014483.8785942,49,0
1615014483.8873332,50,0
1615014483.894902,49,0
1615014483.906102,50,0
1615014483.9135518,51,0
1615014483.922317,53,0
1615014483.931088,53,0
1615014483.939857,43,0
1615014483.9473228,44,0
1615014483.956087,-295,0
1615014483.964808,-2048,0
1615014483.974855,-2048,0
1615014483.982469,-2048,0
1615014483.993574,-2048,0
1615014484.002341,-2048,0
1615014484.009823,-1883,0
1615014484.021101,-1559,0
1615014484.031127,-1238,0
1615014484.03859,-1101,0
1615014484.04862,-870,0
1615014484.0548348,-773,0
1615014484.064854,-632,0
1615014484.066396,-609,0
1615014484.066396,-609,0
1615014484.066396,-609,0
1615014484.066396,-609,0
1615014484.108588,-561,0
1615014484.11758,-386,0
1615014484.12732,-164,0
1615014484.13359,-140,0
1615014484.1448162,-98,0
1615014484.1523242,-75,0
1615014484.162303,-55,0
1615014484.1698601,-40,0
1615014484.1698601,-40,0
