,timestamp,raw_value,attention,delta
0,0,44,37,0.0
1,1,92,37,0.011006832122802734
2,2,71,37,0.022716045379638672
3,3,28,37,0.03755998611450195
4,4,48,37,0.04623293876647949
5,5,48,37,0.04623293876647949
6,6,41,37,0.07469916343688965
7,7,80,37,0.08709502220153809
8,8,83,37,0.09837222099304199
9,9,52,37,0.1097109317779541
10,10,11,37,0.12082409858703613
11,11,57,37,0.13234186172485352
12,12,70,37,0.14349818229675293
13,13,56,37,0.1555330753326416
14,14,51,37,0.16633105278015137
15,15,83,37,0.1812598705291748
16,16,55,37,0.19261407852172852
17,17,39,37,0.20377206802368164
18,18,35,37,0.2186589241027832
19,19,53,37,0.23035001754760742
20,20,65,37,0.24124717712402344
21,21,105,37,0.25551319122314453
22,22,101,37,0.2676351070404053
23,23,101,37,0.2784311771392822
24,24,115,37,0.2903909683227539
25,25,131,37,0.3008270263671875
26,26,86,37,0.31578922271728516
27,27,52,37,0.32700681686401367
28,28,40,37,0.338731050491333
29,29,44,37,0.35035014152526855
30,30,44,37,0.35035014152526855
31,31,28,37,0.37478113174438477
32,32,34,37,0.38617491722106934
33,33,59,37,0.40088486671447754
34,34,65,37,0.41249823570251465
35,35,52,37,0.42357707023620605
36,36,112,37,0.4387938976287842
37,37,102,37,0.4496738910675049
38,38,112,37,0.4640800952911377
39,39,16,37,0.475600004196167
40,40,18,37,0.4863259792327881
41,41,54,37,0.49776268005371094
42,42,51,37,0.509376049041748
43,43,51,37,0.509376049041748
44,44,41,37,0.5350391864776611
45,45,68,37,0.5499210357666016
46,46,56,37,0.5577600002288818
47,47,17,37,0.5727419853210449
48,48,-3,37,0.5838420391082764
49,49,16,37,0.5926680564880371
50,50,16,37,0.5926680564880371
51,51,51,37,0.6220390796661377
52,52,129,37,0.6321320533752441
53,53,103,37,0.643582820892334
54,54,69,37,0.651757001876831
55,55,69,37,0.651757001876831
56,56,81,37,0.6786599159240723
57,57,54,37,0.689068078994751
58,58,84,37,0.7025911808013916
59,59,74,37,0.7133052349090576
60,60,76,37,0.7246670722961426
61,61,-5,37,0.7360241413116455
62,62,19,37,0.747053861618042
63,63,86,37,0.7585470676422119
64,64,90,37,0.7735040187835693
65,65,65,37,0.7842609882354736
66,66,39,37,0.7953870296478271
67,67,42,37,0.8099019527435303
68,68,76,37,0.8214519023895264
69,69,59,37,0.8322188854217529
70,70,103,37,0.8423151969909668
71,71,84,37,0.8567161560058594
72,72,92,37,0.8602001667022705
73,73,92,37,0.8602001667022705
74,74,92,37,0.8602001667022705
75,75,92,37,0.8602001667022705
76,76,106,37,0.9183120727539062
77,77,132,37,0.9330530166625977
78,78,123,37,0.944767951965332
79,79,123,37,0.944767951965332
80,80,123,37,0.944767951965332
81,81,117,37,0.974973201751709
82,82,117,37,0.974973201751709
83,83,117,37,0.974973201751709
84,84,117,37,0.974973201751709
85,85,129,37,1.0294651985168457
86,86,256,37,1.0403029918670654
87,87,250,37,1.0477008819580078
88,88,250,37,1.0477008819580078
89,89,250,37,1.0477008819580078
90,90,231,37,1.0887401103973389
91,91,155,37,1.1028330326080322
92,92,44,37,1.1133317947387695
93,93,58,37,1.127068042755127
94,94,27,37,1.1382980346679688
95,95,-35,37,1.153320074081421
96,96,-97,37,1.1654374599456787
97,97,-122,37,1.1753530502319336
98,98,-140,37,1.1868269443511963
99,99,-118,37,1.1977920532226562
100,100,-220,37,1.2124230861663818
101,101,-233,37,1.2202789783477783
102,102,-332,37,1.231438159942627
103,103,-324,37,1.2459189891815186
104,104,-339,37,1.2501590251922607
105,105,-339,37,1.2501590251922607
106,106,-326,37,1.2769269943237305
107,107,-87,21,1.292137861251831
108,108,-66,21,1.30295991897583
109,109,-108,21,1.314202070236206
110,110,-12,21,1.3287036418914795
111,111,34,21,1.339879035949707
112,112,96,21,1.3514974117279053
113,113,117,21,1.362596035003662
114,114,57,21,1.373826026916504
115,115,75,21,1.3886890411376953
116,116,77,21,1.3998849391937256
117,117,100,21,1.4113421440124512
118,118,154,21,1.4222280979156494
119,119,164,21,1.4337186813354492
120,120,168,21,1.4446749687194824
121,121,184,21,1.4558019638061523
122,122,171,21,1.4708168506622314
123,123,172,21,1.482313632965088
124,124,146,21,1.493445873260498
125,125,162,21,1.504892110824585
126,126,138,21,1.5198850631713867
127,127,92,21,1.5308489799499512
128,128,132,21,1.5424418449401855
129,129,139,21,1.5469179153442383
130,130,139,21,1.5469179153442383
131,131,151,21,1.5818660259246826
132,132,151,21,1.584989070892334
133,133,130,21,1.605924129486084
134,134,102,21,1.6172480583190918
135,135,82,21,1.627945899963379
136,136,69,21,1.6424660682678223
137,137,81,21,1.6541051864624023
138,138,36,21,1.6650972366333008
139,139,57,21,1.6762840747833252
140,140,52,21,1.6870448589324951
141,141,51,21,1.7015230655670166
142,142,80,21,1.712385892868042
143,143,70,21,1.7240269184112549
144,144,87,21,1.738821029663086
145,145,100,21,1.7486090660095215
146,146,100,21,1.7486090660095215
147,147,68,21,1.777374267578125
148,148,73,21,1.7890651226043701
149,149,114,21,1.7984230518341064
150,150,61,21,1.8145990371704102
151,151,36,21,1.8257770538330078
152,152,28,21,1.8370740413665771
153,153,-10,21,1.8482608795166016
154,154,-19,21,1.853572130203247
155,155,-19,21,1.853572130203247
156,156,43,21,1.8851280212402344
157,157,118,21,1.8958029747009277
158,158,77,21,1.907015085220337
159,159,35,21,1.9220740795135498
160,160,22,21,1.9334359169006348
161,161,76,21,1.9453520774841309
162,162,72,21,1.9561660289764404
163,163,66,21,1.9678421020507812
164,164,64,21,1.9824581146240234
165,165,24,21,1.9939839839935303
166,166,61,21,2.009000062942505
167,167,57,21,2.0199198722839355
168,168,73,21,2.031453847885132
169,169,56,21,2.0424230098724365
170,170,92,21,2.0540578365325928
171,171,75,21,2.068934202194214
172,172,50,21,2.0799038410186768
173,173,98,21,2.0928900241851807
174,174,81,21,2.1074981689453125
175,175,98,21,2.118683099746704
176,176,91,21,2.1307270526885986
177,177,82,21,2.141211986541748
178,178,107,21,2.149001121520996
179,179,72,21,2.153801202774048
180,180,72,21,2.153801202774048
181,181,72,21,2.153801202774048
182,182,65,21,2.2018821239471436
183,183,38,21,2.209101915359497
184,184,38,21,2.209101915359497
185,185,38,21,2.209101915359497
186,186,85,21,2.251838445663452
187,187,102,21,2.2611770629882812
188,188,64,8,2.276432991027832
189,189,64,8,2.276432991027832
190,190,64,8,2.276432991027832
191,191,49,8,2.310573101043701
192,192,84,8,2.323517084121704
193,193,92,8,2.3313682079315186
194,194,92,8,2.3313682079315186
195,195,92,8,2.3313682079315186
196,196,88,8,2.371798038482666
197,197,28,8,2.3858609199523926
198,198,67,8,2.3963630199432373
199,199,67,8,2.3963630199432373
200,200,67,8,2.3963630199432373
201,201,67,8,2.3963630199432373
202,202,68,8,2.44024395942688
203,203,68,8,2.44024395942688
204,204,68,8,2.44024395942688
205,205,68,8,2.44024395942688
206,206,68,8,2.44024395942688
207,207,69,8,2.504772186279297
208,208,82,8,2.5161421298980713
209,209,82,8,2.5161421298980713
210,210,82,8,2.5161421298980713
211,211,25,8,2.5552120208740234
212,212,75,8,2.568113088607788
213,213,70,8,2.580125093460083
214,214,70,8,2.580125093460083
215,215,70,8,2.580125093460083
216,216,68,8,2.6130290031433105
217,217,68,8,2.6130290031433105
218,218,103,8,2.6403794288635254
219,219,99,8,2.651442050933838
220,220,38,8,2.6623706817626953
221,221,57,8,2.6740260124206543
222,222,18,8,2.6850500106811523
223,223,19,8,2.7000539302825928
224,224,61,8,2.710505247116089
225,225,48,8,2.721330165863037
226,226,67,8,2.732450008392334
227,227,60,8,2.7436699867248535
228,228,64,8,2.7518250942230225
229,229,64,8,2.7518250942230225
230,230,91,8,2.7788820266723633
231,231,70,8,2.789508104324341
232,232,85,8,2.804553270339966
233,233,48,8,2.8155601024627686
234,234,35,8,2.8259618282318115
235,235,11,8,2.841403007507324
236,236,6,8,2.8451671600341797
237,237,6,8,2.8451671600341797
238,238,118,8,2.879162073135376
239,239,80,8,2.884514093399048
240,240,80,8,2.884514093399048
241,241,80,8,2.884514093399048
242,242,72,8,2.927532911300659
243,243,77,8,2.9374570846557617
244,244,57,8,2.9489850997924805
245,245,57,8,2.9489850997924805
246,246,57,8,2.9489850997924805
247,247,41,8,2.988961935043335
248,248,20,8,2.9986259937286377
249,249,34,8,3.0101239681243896
250,250,34,8,3.0101239681243896
251,251,34,8,3.0101239681243896
252,252,35,8,3.047402858734131
253,253,35,8,3.047402858734131
254,254,35,8,3.047402858734131
255,255,35,8,3.047402858734131
256,256,38,8,3.094118118286133
257,257,81,8,3.104919910430908
258,258,34,8,3.116307258605957
259,259,37,8,3.1271114349365234
260,260,33,8,3.1386759281158447
261,261,25,8,3.149514675140381
262,262,-27,8,3.161043167114258
263,263,24,8,3.171998977661133
264,264,52,8,3.1865761280059814
265,265,37,8,3.1990020275115967
266,266,58,8,3.203207015991211
267,267,58,8,3.203207015991211
268,268,80,8,3.231858015060425
269,269,98,8,3.246462821960449
270,270,50,8,3.257283926010132
271,271,23,8,3.2688450813293457
272,272,69,8,3.2760331630706787
273,273,68,3,3.2954092025756836
274,274,54,3,3.3061952590942383
275,275,73,3,3.317720890045166
276,276,98,3,3.328155994415283
277,277,74,3,3.3431339263916016
278,278,39,3,3.351914167404175
279,279,39,3,3.351914167404175
280,280,23,3,3.381063222885132
281,281,109,3,3.3935959339141846
282,282,76,3,3.4032950401306152
283,283,89,3,3.4185268878936768
284,284,103,3,3.4300570487976074
285,285,97,3,3.4411990642547607
286,286,64,3,3.452381134033203
287,287,36,3,3.463750123977661
288,288,39,3,3.478518009185791
289,289,80,3,3.4929261207580566
290,290,64,3,3.5040459632873535
291,291,64,3,3.5147619247436523
292,292,56,3,3.529186964035034
293,293,59,3,3.540264129638672
294,294,54,3,3.5552010536193848
295,295,80,3,3.562741994857788
296,296,98,3,3.5774450302124023
297,297,73,3,3.5891780853271484
298,298,55,3,3.5999209880828857
299,299,50,3,3.614945650100708
300,300,87,3,3.6280019283294678
301,301,86,3,3.638641119003296
302,302,82,3,3.6505870819091797
303,303,82,3,3.6505870819091797
304,304,102,3,3.673717975616455
305,305,53,3,3.688401937484741
306,306,56,3,3.6995320320129395
307,307,42,3,3.7107694149017334
308,308,43,3,3.7221322059631348
309,309,37,3,3.7335221767425537
310,310,82,3,3.747174024581909
311,311,50,3,3.7614340782165527
312,312,73,3,3.772030830383301
313,313,77,3,3.7837979793548584
314,314,66,3,3.795177936553955
315,315,2,3,3.8062119483947754
316,316,52,3,3.8211419582366943
317,317,83,3,3.832531213760376
318,318,74,3,3.8438100814819336
319,319,72,3,3.8585901260375977
320,320,49,3,3.8701331615448
321,321,54,3,3.881131172180176
322,322,60,3,3.892766237258911
323,323,80,3,3.9076454639434814
324,324,54,3,3.9188590049743652
325,325,51,3,3.9298810958862305
326,326,67,3,3.9411966800689697
327,327,40,3,3.9494359493255615
328,328,40,3,3.9494359493255615
329,329,72,3,3.9775099754333496
330,330,84,3,3.9888689517974854
331,331,124,3,3.9982259273529053
332,332,67,3,4.011981010437012
333,333,36,3,4.022433042526245
334,334,22,3,4.032577991485596
335,335,16,3,4.047817945480347
336,336,76,3,4.058990955352783
337,337,75,3,4.073868036270142
338,338,81,3,4.085072994232178
339,339,106,3,4.096345901489258
340,340,82,3,4.107677936553955
341,341,34,3,4.122377872467041
342,342,102,3,4.134603023529053
343,343,98,3,4.1487321853637695
344,344,34,3,4.159735918045044
345,345,36,3,4.171868085861206
346,346,59,3,4.182363033294678
347,347,67,3,4.1948158740997314
348,348,53,3,4.2050769329071045
349,349,36,3,4.2139270305633545
350,350,36,3,4.2139270305633545
351,351,58,3,4.2453789710998535
352,352,72,3,4.258196830749512
353,353,65,3,4.25834321975708
354,354,65,3,4.25834321975708
355,355,117,7,4.294148206710815
356,356,76,7,4.3036909103393555
357,357,67,7,4.314966917037964
358,358,9,7,4.326519012451172
359,359,35,7,4.337745904922485
360,360,57,7,4.34766411781311
361,361,57,7,4.34766411781311
362,362,87,7,4.374281883239746
363,363,117,7,4.385036945343018
364,364,74,7,4.396130084991455
365,365,69,7,4.407917022705078
366,366,65,7,4.422631025314331
367,367,42,7,4.433768033981323
368,368,44,7,4.4462339878082275
369,369,44,7,4.4575910568237305
370,370,51,7,4.468610048294067
371,371,51,7,4.480382204055786
372,372,49,7,4.495138168334961
373,373,37,7,4.506101846694946
374,374,42,7,4.521164655685425
375,375,54,7,4.532702207565308
376,376,98,7,4.543990135192871
377,377,66,7,4.552243232727051
378,378,66,7,4.552243232727051
379,379,66,7,4.580106019973755
380,380,67,7,4.591076135635376
381,381,109,7,4.602530241012573
382,382,61,7,4.613759994506836
383,383,29,7,4.6285529136657715
384,384,28,7,4.636108160018921
385,385,54,7,4.651059150695801
386,386,36,7,4.662643194198608
387,387,85,7,4.6736180782318115
388,388,84,7,4.688711881637573
389,389,89,7,4.69997501373291
390,390,70,7,4.711411952972412
391,391,82,7,4.72238826751709
392,392,52,7,4.733976125717163
393,393,91,7,4.7493321895599365
394,394,91,7,4.7493321895599365
395,395,49,7,4.774847984313965
396,396,122,7,4.7850141525268555
397,397,55,7,4.796197414398193
398,398,45,7,4.807535886764526
399,399,54,7,4.822273015975952
400,400,42,7,4.83383321762085
401,401,41,7,4.844772100448608
402,402,44,7,4.853117942810059
403,403,44,7,4.853117942810059
404,404,82,7,4.881048202514648
405,405,116,7,4.893582105636597
406,406,107,7,4.903620958328247
407,407,52,7,4.914865016937256
408,408,7,7,4.926119089126587
409,409,48,7,4.9413001537323
410,410,55,7,4.952677011489868
411,411,40,7,4.963593244552612
412,412,56,7,4.978710889816284
413,413,74,7,4.990001916885376
414,414,64,7,5.0045130252838135
415,415,60,7,5.015893936157227
416,416,52,7,5.027026891708374
417,417,99,7,5.038539171218872
418,418,42,7,5.049551010131836
419,419,54,7,5.0643110275268555
420,420,103,7,5.075409173965454
421,421,72,7,5.086180210113525
422,422,61,7,5.101103067398071
423,423,86,7,5.112636089324951
424,424,67,7,5.12383508682251
425,425,28,7,5.135228872299194
426,426,57,7,5.146018028259277
427,427,82,7,5.1508259773254395
428,428,77,7,5.173603057861328
429,429,90,7,5.185659170150757
430,430,105,7,5.197157144546509
431,431,77,7,5.208405017852783
432,432,77,7,5.222879648208618
433,433,53,7,5.234077215194702
434,434,32,7,5.2448530197143555
435,435,73,7,5.256458044052124
436,436,65,7,5.269148111343384
437,437,64,7,5.273832082748413
438,438,64,7,5.273832082748413
439,439,96,26,5.304466009140015
440,440,99,26,5.317169427871704
441,441,16,26,5.331485033035278
442,442,3,26,5.342328071594238
443,443,44,26,5.353595018386841
444,444,55,26,5.368377923965454
445,445,54,26,5.379943132400513
446,446,32,26,5.384667158126831
447,447,32,26,5.405591011047363
448,448,103,26,5.4169981479644775
449,449,61,26,5.428277969360352
450,450,58,26,5.439919948577881
451,451,69,26,5.452499151229858
452,452,69,26,5.452499151229858
453,453,68,26,5.478024244308472
454,454,102,26,5.493188142776489
455,455,76,26,5.503374099731445
456,456,1,26,5.514853000640869
457,457,22,26,5.529855012893677
458,458,50,26,5.541358947753906
459,459,35,26,5.552318811416626
460,460,67,26,5.563881158828735
461,461,80,26,5.575634002685547
462,462,19,26,5.586589097976685
463,463,55,26,5.59735107421875
464,464,59,26,5.612368106842041
465,465,74,26,5.623718023300171
466,466,68,26,5.63214111328125
467,467,43,26,5.643699884414673
468,468,71,26,5.658654451370239
469,469,36,26,5.669825077056885
470,470,41,26,5.681405067443848
471,471,26,26,5.692344903945923
472,472,56,26,5.704131126403809
473,473,72,26,5.7176618576049805
474,474,83,26,5.728008031845093
475,475,82,26,5.738660097122192
476,476,82,26,5.750459909439087
477,477,82,26,5.750459909439087
478,478,82,26,5.750459909439087
479,479,69,26,5.785405158996582
480,480,100,26,5.7961509227752686
481,481,72,26,5.811169862747192
482,482,70,26,5.822474002838135
483,483,52,26,5.834111928939819
484,484,73,26,5.848847150802612
485,485,59,26,5.859867095947266
486,486,68,26,5.8714070320129395
487,487,71,26,5.882513046264648
488,488,139,26,5.894132137298584
489,489,77,26,5.908828020095825
490,490,99,26,5.91984486579895
491,491,55,26,5.9314610958099365
492,492,48,26,5.946431875228882
493,493,51,26,5.957491159439087
494,494,57,26,5.968906879425049
495,495,66,26,5.976386070251465
496,496,89,26,5.991806268692017
497,497,42,26,6.001565217971802
498,498,54,26,6.016056060791016
499,499,54,26,6.016056060791016
500,500,41,26,6.038334846496582
501,501,41,26,6.038334846496582
502,502,41,26,6.038334846496582
503,503,41,26,6.038334846496582
504,504,41,26,6.038334846496582
505,505,41,26,6.038334846496582
506,506,41,26,6.038334846496582
507,507,115,26,6.129669904708862
508,508,53,26,6.138772249221802
509,509,44,26,6.148989200592041
510,510,44,26,6.148989200592041
511,511,44,26,6.148989200592041
512,512,44,26,6.181890964508057
513,513,82,26,6.193814992904663
514,514,90,26,6.199275016784668
515,515,90,26,6.199275016784668
516,516,90,26,6.199275016784668
517,517,43,26,6.244659900665283
518,518,69,26,6.254816055297852
519,519,54,26,6.266509056091309
520,520,40,26,6.274609088897705
521,521,36,30,6.289440155029297
522,522,43,30,6.299817085266113
523,523,50,30,6.311012029647827
524,524,16,30,6.325973033905029
525,525,41,30,6.337322235107422
526,526,52,30,6.350232124328613
527,527,52,30,6.350232124328613
528,528,57,30,6.37467622756958
529,529,57,30,6.386162042617798
530,530,106,30,6.397869110107422
531,531,52,30,6.412359952926636
532,532,54,30,6.423577070236206
533,533,48,30,6.434767007827759
534,534,18,30,6.4435646533966064
535,535,28,30,6.4482080936431885
536,536,43,30,6.4728288650512695
537,537,66,30,6.482701063156128
538,538,114,30,6.493551969528198
539,539,80,30,6.504615068435669
540,540,52,30,6.519517183303833
541,541,10,30,6.530825138092041
542,542,45,30,6.54133415222168
543,543,82,30,6.556156158447266
544,544,52,30,6.567640066146851
545,545,86,30,6.578701019287109
546,546,92,30,6.590342044830322
547,547,68,30,6.60240912437439
548,548,66,30,6.613897085189819
549,549,59,30,6.62891411781311
550,550,74,30,6.640275239944458
551,551,60,30,6.652524948120117
552,552,60,30,6.652524948120117
553,553,60,30,6.652524948120117
554,554,60,30,6.652524948120117
555,555,67,30,6.699903964996338
556,556,117,30,6.716224908828735
557,557,81,30,6.725817918777466
558,558,16,30,6.74071192741394
559,559,6,30,6.7520060539245605
560,560,26,30,6.763468027114868
561,561,50,30,6.774625062942505
562,562,56,30,6.789401054382324
563,563,27,30,6.8040618896484375
564,564,96,30,6.81506085395813
565,565,67,30,6.82259202003479
566,566,45,30,6.833630084991455
567,567,13,30,6.8453240394592285
568,568,100,30,6.85612416267395
569,569,91,30,6.867337465286255
570,570,88,30,6.882367849349976
571,571,29,30,6.8939714431762695
572,572,36,30,6.90560507774353
573,573,40,30,6.910551071166992
574,574,49,30,6.931088209152222
575,575,60,30,6.942656993865967
576,576,131,30,6.950805187225342
577,577,131,30,6.950805187225342
578,578,121,30,6.978407144546509
579,579,108,30,6.989814043045044
580,580,101,30,7.00486421585083
581,581,57,30,7.015581130981445
582,582,40,30,7.027239084243774
583,583,37,30,7.042255401611328
584,584,18,30,7.053618907928467
585,585,6,30,7.065063238143921
586,586,69,30,7.080142021179199
587,587,58,30,7.091147184371948
588,588,28,30,7.1026530265808105
589,589,61,30,7.114461421966553
590,590,59,30,7.129515886306763
591,591,65,30,7.141128063201904
592,592,41,30,7.151998996734619
593,593,89,30,7.1641151905059814
594,594,76,30,7.178852081298828
595,595,98,30,7.189812660217285
596,596,85,30,7.202455997467041
597,597,91,30,7.212777853012085
598,598,57,30,7.223842144012451
599,599,56,30,7.23494815826416
600,600,64,30,7.250581979751587
601,601,64,30,7.250581979751587
602,602,64,30,7.250581979751587
603,603,67,30,7.283114671707153
604,604,124,27,7.29787802696228
605,605,85,27,7.306360960006714
606,606,43,27,7.323421239852905
607,607,26,27,7.334552049636841
608,608,83,27,7.345783948898315
609,609,56,27,7.3569769859313965
610,610,75,27,7.372207164764404
611,611,73,27,7.3828980922698975
612,612,59,27,7.39755392074585
613,613,53,27,7.404953956604004
614,614,64,27,7.417509078979492
615,615,87,27,7.432613134384155
616,616,103,27,7.443582057952881
617,617,52,27,7.455054044723511
618,618,70,27,7.466135025024414
619,619,82,27,7.4810450077056885
620,620,28,27,7.492839097976685
621,621,12,27,7.502300024032593
622,622,12,27,7.502300024032593
623,623,119,27,7.527337074279785
624,624,113,27,7.540102005004883
625,625,129,27,7.551966905593872
626,626,129,27,7.551966905593872
627,627,100,27,7.578468084335327
628,628,37,27,7.589098215103149
629,629,90,27,7.603622198104858
630,630,51,27,7.614906072616577
631,631,54,27,7.625938177108765
632,632,58,27,7.637537002563477
633,633,32,27,7.648773193359375
634,634,11,27,7.6560750007629395
635,635,37,27,7.671145439147949
636,636,34,27,7.68280816078186
637,637,53,27,7.693583011627197
638,638,82,27,7.708947420120239
639,639,88,27,7.721235036849976
640,640,86,27,7.732489109039307
641,641,84,27,7.7438108921051025
642,642,76,27,7.754995822906494
643,643,72,27,7.766062021255493
644,644,54,27,7.7780420780181885
645,645,97,27,7.792507171630859
646,646,100,27,7.8037800788879395
647,647,36,27,7.818538665771484
648,648,41,27,7.830182075500488
649,649,69,27,7.841065168380737
650,650,71,27,7.853480100631714
651,651,71,27,7.853480100631714
652,652,84,27,7.877460241317749
653,653,38,27,7.888613224029541
654,654,75,27,7.899778842926025
655,655,61,27,7.9108359813690186
656,656,42,27,7.925602674484253
657,657,56,27,7.936753034591675
658,658,50,27,7.948082208633423
659,659,50,27,7.948082208633423
660,660,38,27,7.972098112106323
661,661,92,27,7.982028961181641
662,662,85,27,7.992669105529785
663,663,70,27,8.003722190856934
664,664,53,27,8.018887042999268
665,665,70,27,8.02631402015686
666,666,49,27,8.041512250900269
667,667,84,27,8.052350997924805
668,668,89,27,8.064582109451294
669,669,92,27,8.074828863143921
670,670,68,27,8.086092948913574
671,671,56,27,8.101148128509521
672,672,76,27,8.112691879272461
673,673,40,27,8.1236252784729
674,674,11,27,8.138592958450317
675,675,52,27,8.150676965713501
676,676,52,27,8.150676965713501
677,677,52,27,8.150676965713501
678,678,38,27,8.185449838638306
679,679,36,27,8.196290016174316
680,680,134,27,8.211156845092773
681,681,83,27,8.221895933151245
682,682,24,27,8.236330032348633
683,683,-5,27,8.247381210327148
684,684,48,27,8.262578010559082
685,685,69,27,8.27350902557373
686,686,77,27,8.281066179275513
687,687,71,23,8.296101093292236
688,688,107,23,8.307709217071533
689,689,61,23,8.322343111038208
690,690,24,23,8.329989194869995
691,691,21,23,8.342391014099121
692,692,52,23,8.357309103012085
693,693,97,23,8.36880612373352
694,694,43,23,8.380072116851807
695,695,59,23,8.39106822013855
696,696,42,23,8.402396440505981
697,697,39,23,8.4173002243042
698,698,64,23,8.42830514907837
699,699,41,23,8.441767930984497
700,700,28,23,8.44862413406372
701,701,36,23,8.453688144683838
702,702,42,23,8.475913047790527
703,703,54,23,8.487399101257324
704,704,89,23,8.5015869140625
705,705,81,23,8.512617826461792
706,706,55,23,8.523683071136475
707,707,48,23,8.53488802909851
708,708,85,23,8.547839641571045
709,709,75,23,8.552073955535889
710,710,75,23,8.552073955535889
711,711,76,23,8.580295085906982
712,712,92,23,8.599989175796509
713,713,123,23,8.613261938095093
714,714,50,23,8.62575387954712
715,715,90,23,8.637173891067505
716,716,56,23,8.649202108383179
717,717,54,23,8.659890174865723
718,718,24,23,8.67133116722107
719,719,28,23,8.682377815246582
720,720,17,23,8.697473049163818
721,721,56,23,8.708958148956299
722,722,38,23,8.719925165176392
723,723,25,23,8.73145341873169
724,724,74,23,8.74600100517273
725,725,76,23,8.749649047851562
726,726,76,23,8.749649047851562
727,727,67,23,8.778811931610107
728,728,103,23,8.793538093566895
729,729,85,23,8.804785013198853
730,730,51,23,8.816569089889526
731,731,44,23,8.827753067016602
732,732,36,23,8.83859920501709
733,733,55,23,8.853893041610718
734,734,99,23,8.865332841873169
735,735,71,23,8.880868911743164
736,736,83,23,8.891139030456543
737,737,23,23,8.902338027954102
738,738,11,23,8.913975954055786
739,739,38,23,8.924861907958984
740,740,27,23,8.936538219451904
741,741,43,23,8.947923183441162
742,742,50,23,8.962892055511475
743,743,68,23,8.973571062088013
744,744,28,23,8.984975099563599
745,745,49,23,8.999025106430054
746,746,85,23,9.01256012916565
747,747,84,23,9.023041009902954
748,748,66,23,9.033860921859741
749,749,37,23,9.048630237579346
750,750,20,23,9.051766157150269
751,751,20,23,9.051766157150269
752,752,36,23,9.085178852081299
753,753,105,23,9.09618592262268
754,754,83,23,9.107043981552124
755,755,89,23,9.121474027633667
756,756,54,23,9.132333040237427
757,757,49,23,9.147589206695557
758,758,49,23,9.157959222793579
759,759,48,23,9.171438217163086
760,760,61,23,9.182667970657349
761,761,76,23,9.186192989349365
762,762,76,23,9.186192989349365
763,763,76,23,9.186192989349365
764,764,76,23,9.186192989349365
765,765,51,23,9.244411945343018
766,766,84,23,9.25699496269226
767,767,89,23,9.265167951583862
768,768,89,23,9.265167951583862
769,769,58,23,9.291107177734375
770,770,58,23,9.291107177734375
771,771,58,23,9.291107177734375
772,772,58,23,9.291107177734375
773,773,43,16,9.343006134033203
774,774,42,16,9.352058172225952
775,775,42,16,9.352058172225952
776,776,42,16,9.352058172225952
777,777,52,16,9.390115976333618
778,778,89,16,9.403715133666992
779,779,33,16,9.416041851043701
780,780,91,16,9.427980184555054
781,781,48,16,9.43851613998413
782,782,48,16,9.44997501373291
783,783,40,16,9.464053869247437
784,784,39,16,9.46894097328186
785,785,38,16,9.487163066864014
786,786,12,16,9.498439073562622
787,787,115,16,9.509450912475586
788,788,102,16,9.520515203475952
789,789,55,16,9.535065174102783
790,790,97,16,9.546195030212402
791,791,68,16,9.557310104370117
792,792,56,16,9.568294048309326
793,793,75,16,9.58350396156311
794,794,85,16,9.594730138778687
795,795,56,16,9.605940818786621
796,796,74,16,9.616936445236206
797,797,83,16,9.627982139587402
798,798,81,16,9.642412662506104
799,799,81,16,9.651566982269287
800,800,81,16,9.651566982269287
801,801,86,16,9.677406072616577
802,802,121,16,9.693147420883179
803,803,116,16,9.703366041183472
804,804,98,16,9.711539030075073
805,805,97,16,9.71694302558899
806,806,21,16,9.741008996963501
807,807,77,16,9.753758192062378
808,808,45,16,9.764801979064941
809,809,28,16,9.779378890991211
810,810,25,16,9.790335893630981
811,811,42,16,9.801124095916748
812,812,37,16,9.816107988357544
813,813,45,16,9.827303886413574
814,814,65,16,9.838855028152466
815,815,68,16,9.84995698928833
816,816,69,16,9.861203908920288
817,817,57,16,9.865401983261108
818,818,25,16,9.884670972824097
819,819,102,16,9.898370027542114
820,820,68,16,9.909708023071289
821,821,54,16,9.92456603050232
822,822,76,16,9.9357271194458
823,823,91,16,9.947259902954102
824,824,87,16,9.951434135437012
825,825,87,16,9.951434135437012
826,826,58,16,9.984945058822632
827,827,84,16,9.9967360496521
828,828,86,16,10.011085033416748
829,829,55,16,10.02233600616455
830,830,52,16,10.03386402130127
831,831,65,16,10.044861078262329
832,832,44,16,10.059761047363281
833,833,43,16,10.071327924728394
834,834,81,16,10.082550048828125
835,835,69,16,10.097311019897461
836,836,98,16,10.108980655670166
837,837,93,16,10.119797229766846
838,838,54,16,10.131072044372559
839,839,41,16,10.142584085464478
840,840,55,16,10.15358018875122
841,841,21,16,10.168572187423706
842,842,68,16,10.180927038192749
843,843,67,16,10.19202184677124
844,844,92,16,10.199457168579102
845,845,53,16,10.214540004730225
846,846,77,16,10.225836038589478
847,847,51,16,10.237410068511963
848,848,21,16,10.249067068099976
849,849,12,16,10.253171443939209
850,850,12,16,10.253171443939209
851,851,69,16,10.2833411693573
852,852,114,29,10.293787002563477
853,853,65,29,10.30478024482727
854,854,33,29,10.318917989730835
855,855,34,29,10.328981876373291
856,856,72,29,10.340041875839233
857,857,45,29,10.347674131393433
858,858,45,29,10.347674131393433
859,859,45,29,10.347674131393433
860,860,71,29,10.387123823165894
861,861,120,29,10.39438509941101
862,862,120,29,10.39438509941101
863,863,98,29,10.42438006401062
864,864,70,29,10.433852195739746
865,865,75,29,10.445074081420898
866,866,75,29,10.445074081420898
867,867,75,29,10.445074081420898
868,868,64,29,10.485280990600586
869,869,66,29,10.498515129089355
870,870,66,29,10.498515129089355
871,871,66,29,10.517747402191162
872,872,66,29,10.517747402191162
873,873,66,29,10.517747402191162
874,874,66,29,10.517747402191162
875,875,9,29,10.571080207824707
876,876,9,29,10.571080207824707
877,877,9,29,10.571080207824707
878,878,9,29,10.571080207824707
879,879,107,29,10.61829400062561
880,880,102,29,10.63147521018982
881,881,102,29,10.63147521018982
882,882,102,29,10.63147521018982
883,883,73,29,10.666867971420288
884,884,27,29,10.6769540309906
885,885,27,29,10.6769540309906
886,886,27,29,10.6769540309906
887,887,27,29,10.6769540309906
888,888,83,29,10.729585886001587
889,889,72,29,10.740406036376953
890,890,60,29,10.744238138198853
891,891,1,29,10.76330304145813
892,892,92,29,10.7744779586792
893,893,25,29,10.78847599029541
894,894,-6,29,10.798989057540894
895,895,5,29,10.80648684501648
896,896,13,29,10.810219049453735
897,897,13,29,10.810219049453735
898,898,28,29,10.845439195632935
899,899,58,29,10.855430126190186
900,900,58,29,10.855430126190186
901,901,58,29,10.855430126190186
902,902,58,29,10.855430126190186
903,903,106,29,10.907569408416748
904,904,77,29,10.921431064605713
905,905,59,29,10.928810834884644
906,906,59,29,10.928810834884644
907,907,59,29,10.928810834884644
908,908,40,29,10.970153093338013
909,909,25,29,10.973764181137085
910,910,25,29,10.973764181137085
911,911,25,29,10.973764181137085
912,912,42,29,11.021129846572876
913,913,2,29,11.032807111740112
914,914,61,29,11.043787002563477
915,915,49,29,11.047613143920898
916,916,49,29,11.047613143920898
917,917,29,29,11.083953857421875
918,918,81,29,11.093916177749634
919,919,49,29,11.101278066635132
920,920,49,29,11.101278066635132
921,921,40,29,11.130344867706299
922,922,107,29,11.14379096031189
923,923,71,29,11.146677017211914
924,924,71,29,11.146677017211914
925,925,40,29,11.174495935440063
926,926,40,29,11.174495935440063
927,927,77,29,11.207603454589844
928,928,70,29,11.218435049057007
929,929,49,29,11.229665994644165
930,930,48,29,11.240999937057495
931,931,64,29,11.252465009689331
932,932,64,29,11.263607025146484
933,933,55,29,11.27477502822876
934,934,26,44,11.289555072784424
935,935,42,44,11.29716181755066
936,936,44,44,11.313390016555786
937,937,49,44,11.323778867721558
938,938,87,44,11.338528871536255
939,939,90,44,11.349761962890625
940,940,76,44,11.361200094223022
941,941,76,44,11.376526117324829
942,942,43,44,11.384007215499878
943,943,48,44,11.398855209350586
944,944,54,44,11.40911602973938
945,945,41,44,11.423810005187988
946,946,99,44,11.435178995132446
947,947,58,44,11.446084976196289
948,948,66,44,11.450502872467041
949,949,66,44,11.450502872467041
950,950,118,44,11.481359004974365
951,951,96,44,11.49224591255188
952,952,86,44,11.503589153289795
953,953,37,44,11.51512098312378
954,954,42,44,11.526141166687012
955,955,70,44,11.540274143218994
956,956,43,44,11.549798011779785
957,957,71,44,11.561745405197144
958,958,71,44,11.561745405197144
959,959,71,44,11.561745405197144
960,960,85,44,11.603466033935547
961,961,119,44,11.616981029510498
962,962,51,44,11.6250159740448
963,963,51,44,11.6250159740448
964,964,51,44,11.6250159740448
965,965,18,44,11.664883136749268
966,966,103,44,11.678858995437622
967,967,55,44,11.6863534450531
968,968,55,44,11.6863534450531
969,969,55,44,11.6863534450531
970,970,38,44,11.72609806060791
971,971,65,44,11.739675045013428
972,972,57,44,11.749603033065796
973,973,57,44,11.749603033065796
974,974,57,44,11.749603033065796
975,975,54,44,11.784909963607788
976,976,54,44,11.784909963607788
977,977,54,44,11.784909963607788
978,978,54,44,11.784909963607788
979,979,54,44,11.784909963607788
980,980,51,44,11.853299856185913
981,981,98,44,11.86384916305542
982,982,42,44,11.87583589553833
983,983,45,44,11.886375188827515
984,984,76,44,11.901027917861938
985,985,70,44,11.912298917770386
986,986,12,44,11.926951885223389
987,987,8,44,11.937986850738525
988,988,-3,44,11.94869589805603
989,989,66,44,11.960109949111938
990,990,92,44,11.97105097770691
991,991,89,44,11.986010074615479
992,992,64,44,11.997573137283325
993,993,69,44,12.012606859207153
994,994,32,44,12.023860931396484
995,995,54,44,12.036119937896729
996,996,61,44,12.04676604270935
997,997,122,44,12.052174091339111
998,998,122,44,12.052174091339111
999,999,112,44,12.086863040924072
1000,1000,70,44,12.09763216972351
1001,1001,28,44,12.108550071716309
1002,1002,82,44,12.121074199676514
1003,1003,71,44,12.134684085845947
1004,1004,29,44,12.146630048751831
1005,1005,97,44,12.16109299659729
1006,1006,49,44,12.172550201416016
1007,1007,19,44,12.183498859405518
1008,1008,36,44,12.195077896118164
1009,1009,29,44,12.207357168197632
1010,1010,43,44,12.2174391746521
1011,1011,69,44,12.227620840072632
1012,1012,100,44,12.241045951843262
1013,1013,132,44,12.25600266456604
1014,1014,129,44,12.267373085021973
1015,1015,24,44,12.27845811843872
1016,1016,53,37,12.290108919143677
1017,1017,69,37,12.300998210906982
1018,1018,53,37,12.312688112258911
1019,1019,56,37,12.321614027023315
1020,1020,56,37,12.321614027023315
1021,1021,56,37,12.321614027023315
1022,1022,56,37,12.321614027023315
1023,1023,85,37,12.374330997467041
1024,1024,117,37,12.387341976165771
1025,1025,76,37,12.398585081100464
1026,1026,49,37,12.413501024246216
1027,1027,35,37,12.42422890663147
1028,1028,18,37,12.428498029708862
1029,1029,99,37,12.450480222702026
1030,1030,77,37,12.460094451904297
1031,1031,76,37,12.474781036376953
1032,1032,24,37,12.48609209060669
1033,1033,58,37,12.497281074523926
1034,1034,68,37,12.509082078933716
1035,1035,38,37,12.51973009109497
1036,1036,54,37,12.534803867340088
1037,1037,41,37,12.54449200630188
1038,1038,38,37,12.55590295791626
1039,1039,70,37,12.566894054412842
1040,1040,51,37,12.581949234008789
1041,1041,112,37,12.593440055847168
1042,1042,71,37,12.604509115219116
1043,1043,53,37,12.615888118743896
1044,1044,32,37,12.630903959274292
1045,1045,57,37,12.640997409820557
1046,1046,60,37,12.652733087539673
1047,1047,60,37,12.652733087539673
1048,1048,60,37,12.652733087539673
1049,1049,36,37,12.690769910812378
1050,1050,103,37,12.702095031738281
1051,1051,83,37,12.713119983673096
1052,1052,25,37,12.728122234344482
1053,1053,72,37,12.739891052246094
1054,1054,65,37,12.750142812728882
1055,1055,52,37,12.76127004623413
1056,1056,75,37,12.772235870361328
1057,1057,70,37,12.783720254898071
1058,1058,92,37,12.79847502708435
1059,1059,70,37,12.810036659240723
1060,1060,38,37,12.820972681045532
1061,1061,52,37,12.832383871078491
1062,1062,59,37,12.844683170318604
1063,1063,54,37,12.85868501663208
1064,1064,86,37,12.870014667510986
1065,1065,87,37,12.880989074707031
1066,1066,90,37,12.896116018295288
1067,1067,76,37,12.907280206680298
1068,1068,59,37,12.922247409820557
1069,1069,65,37,12.933605194091797
1070,1070,77,37,12.944317102432251
1071,1071,42,37,12.950943946838379
1072,1072,42,37,12.950943946838379
1073,1073,43,37,12.97977900505066
1074,1074,139,37,12.994535207748413
1075,1075,129,37,13.005321264266968
1076,1076,81,37,13.013318061828613
1077,1077,58,37,13.031530141830444
1078,1078,74,37,13.042372226715088
1079,1079,86,37,13.05656099319458
1080,1080,22,37,13.068289995193481
1081,1081,17,37,13.079667091369629
1082,1082,98,37,13.093980073928833
1083,1083,58,37,13.105048179626465
1084,1084,37,37,13.116072177886963
1085,1085,2,37,13.127449989318848
1086,1086,28,37,13.142545938491821
1087,1087,68,37,13.153191089630127
1088,1088,98,37,13.16396689414978
1089,1089,64,37,13.178699970245361
1090,1090,113,37,13.189764976501465
1091,1091,75,37,13.202278852462769
1092,1092,69,37,13.212700128555298
1093,1093,60,37,13.2241051197052
1094,1094,29,37,13.234705209732056
1095,1095,12,37,13.250040054321289
1096,1096,12,37,13.250040054321289
1097,1097,60,37,13.273624181747437
1098,1098,72,37,13.284102201461792
1099,1099,99,47,13.29892611503601
1100,1100,42,47,13.310275077819824
1101,1101,42,47,13.310275077819824
1102,1102,24,47,13.335615873336792
1103,1103,73,47,13.347771406173706
1104,1104,68,47,13.358038187026978
1105,1105,86,47,13.368908166885376
1106,1106,70,47,13.380383968353271
1107,1107,70,47,13.389523029327393
1108,1108,70,47,13.389523029327393
1109,1109,73,47,13.420426845550537
1110,1110,104,47,13.4325590133667
1111,1111,52,47,13.442429065704346
1112,1112,24,47,13.453186988830566
1113,1113,-2,47,13.463730096817017
1114,1114,53,47,13.478707075119019
1115,1115,36,47,13.489999055862427
1116,1116,67,47,13.501003980636597
1117,1117,28,47,13.516026973724365
1118,1118,73,47,13.527585983276367
1119,1119,76,47,13.538588047027588
1120,1120,88,47,13.550970077514648
1121,1121,88,47,13.550970077514648
1122,1122,84,47,13.574753046035767
1123,1123,41,47,13.589479446411133
1124,1124,90,47,13.600652933120728
1125,1125,26,47,13.612393856048584
1126,1126,52,47,13.623508930206299
1127,1127,41,47,13.634916067123413
1128,1128,81,47,13.645971059799194
1129,1129,82,47,13.65690541267395
1130,1130,66,47,13.667892932891846
1131,1131,41,47,13.67882513999939
1132,1132,89,47,13.693548202514648
1133,1133,58,47,13.704598903656006
1134,1134,51,47,13.719915866851807
1135,1135,93,47,13.730882167816162
1136,1136,86,47,13.74198603630066
1137,1137,91,47,13.753168106079102
1138,1138,44,47,13.766141176223755
1139,1139,49,47,13.777359008789062
1140,1140,50,47,13.788866996765137
1141,1141,28,47,13.799943208694458
1142,1142,53,47,13.81150197982788
1143,1143,27,47,13.822242975234985
1144,1144,49,47,13.837295055389404
1145,1145,72,47,13.848254442214966
1146,1146,91,47,13.85295820236206
1147,1147,91,47,13.85295820236206
1148,1148,91,47,13.883122205734253
1149,1149,145,47,13.89803695678711
1150,1150,83,47,13.908788204193115
1151,1151,53,47,13.9202241897583
1152,1152,34,47,13.930989980697632
1153,1153,19,47,13.942592144012451
1154,1154,50,47,13.957303047180176
1155,1155,53,47,13.968611001968384
1156,1156,33,47,13.979503870010376
1157,1157,50,47,13.991477012634277
1158,1158,72,47,14.002193212509155
1159,1159,102,47,14.015640020370483
1160,1160,59,47,14.025174140930176
1161,1161,73,47,14.03973388671875
1162,1162,90,47,14.051270008087158
1163,1163,86,47,14.066171407699585
1164,1164,28,47,14.076326131820679
1165,1165,64,47,14.087544679641724
1166,1166,39,47,14.098510980606079
1167,1167,64,47,14.109997987747192
1168,1168,42,47,14.121252059936523
1169,1169,52,47,14.132368087768555
1170,1170,51,47,14.14738941192627
1171,1171,57,47,14.15157413482666
1172,1172,57,47,14.15157413482666
1173,1173,76,47,14.180106163024902
1174,1174,69,47,14.190919399261475
1175,1175,138,47,14.206114053726196
1176,1176,101,47,14.217390060424805
1177,1177,67,47,14.231326818466187
1178,1178,77,47,14.241420984268188
1179,1179,59,47,14.252380132675171
1180,1180,75,47,14.256720066070557
1181,1181,75,47,14.256720066070557
1182,1182,71,47,14.290492057800293
1183,1183,83,47,14.303560018539429
1184,1184,66,41,14.315193891525269
1185,1185,50,41,14.318782091140747
1186,1186,50,41,14.318782091140747
1187,1187,50,41,14.318782091140747
1188,1188,40,41,14.361382007598877
1189,1189,52,41,14.375015020370483
1190,1190,41,41,14.382585048675537
1191,1191,41,41,14.382585048675537
1192,1192,41,41,14.382585048675537
1193,1193,52,41,14.42246699333191
1194,1194,26,41,14.43002700805664
1195,1195,26,41,14.43002700805664
1196,1196,26,41,14.43002700805664
1197,1197,85,41,14.473773956298828
1198,1198,83,41,14.482523202896118
1199,1199,83,41,14.482523202896118
1200,1200,83,41,14.482523202896118
1201,1201,83,41,14.482523202896118
1202,1202,70,41,14.537084102630615
1203,1203,75,41,14.547216176986694
1204,1204,28,41,14.553908824920654
1205,1205,28,41,14.553908824920654
1206,1206,28,41,14.553908824920654
1207,1207,38,41,14.600353002548218
1208,1208,82,41,14.60695505142212
1209,1209,82,41,14.60695505142212
1210,1210,82,41,14.60695505142212
1211,1211,82,41,14.60695505142212
1212,1212,82,41,14.60695505142212
1213,1213,82,41,14.60695505142212
1214,1214,58,41,14.682692050933838
1215,1215,80,41,14.694967985153198
1216,1216,36,41,14.704813241958618
1217,1217,7,41,14.719792127609253
1218,1218,35,41,14.731255054473877
1219,1219,51,41,14.742609024047852
1220,1220,59,41,14.750572681427002
1221,1221,59,41,14.750572681427002
1222,1222,36,41,14.779809951782227
1223,1223,103,41,14.794484853744507
1224,1224,56,41,14.805440187454224
1225,1225,73,41,14.81686806678772
1226,1226,20,41,14.828403949737549
1227,1227,28,41,14.839475154876709
1228,1228,41,41,14.8506441116333
1229,1229,76,41,14.86216688156128
1230,1230,65,41,14.873160123825073
1231,1231,60,41,14.887781143188477
1232,1232,54,41,14.899332046508789
1233,1233,73,41,14.909950971603394
1234,1234,66,41,14.920997142791748
1235,1235,71,41,14.936547994613647
1236,1236,50,41,14.947268962860107
1237,1237,77,41,14.958993196487427
1238,1238,74,41,14.969703435897827
1239,1239,77,41,14.983411073684692
1240,1240,83,41,14.98735523223877
1241,1241,67,41,14.998945951461792
1242,1242,67,41,14.998945951461792
1243,1243,67,41,14.998945951461792
1244,1244,25,41,15.047010898590088
1245,1245,69,41,15.059818983078003
1246,1246,43,41,15.063676118850708
1247,1247,43,41,15.063676118850708
1248,1248,43,41,15.063676118850708
1249,1249,43,41,15.063676118850708
1250,1250,37,41,15.120997190475464
1251,1251,108,41,15.135061979293823
1252,1252,108,41,15.135061979293823
1253,1253,108,41,15.135061979293823
1254,1254,108,41,15.135061979293823
1255,1255,60,41,15.182161092758179
1256,1256,91,41,15.192439079284668
1257,1257,50,41,15.204935073852539
1258,1258,50,41,15.204935073852539
1259,1259,50,41,15.204935073852539
1260,1260,32,41,15.24002718925476
1261,1261,83,41,15.253834009170532
1262,1262,64,41,15.261125087738037
1263,1263,64,41,15.261125087738037
1264,1264,64,41,15.261125087738037
1265,1265,50,41,15.301645040512085
1266,1266,101,50,15.316617965698242
1267,1267,80,50,15.324846029281616
1268,1268,40,50,15.336020946502686
1269,1269,7,50,15.352347135543823
1270,1270,7,50,15.352347135543823
1271,1271,12,50,15.377156019210815
1272,1272,52,50,15.387591123580933
1273,1273,74,50,15.400078058242798
1274,1274,33,50,15.41472601890564
1275,1275,48,50,15.42599105834961
1276,1276,49,50,15.437445402145386
1277,1277,36,50,15.448506116867065
1278,1278,56,50,15.460049152374268
1279,1279,22,50,15.474793195724487
1280,1280,58,50,15.482393026351929
1281,1281,56,50,15.493556022644043
1282,1282,36,50,15.50943398475647
1283,1283,56,50,15.521432161331177
1284,1284,44,50,15.532233953475952
1285,1285,90,50,15.547207117080688
1286,1286,37,50,15.558558225631714
1287,1287,13,50,15.570010900497437
1288,1288,55,50,15.581041097640991
1289,1289,135,50,15.592766046524048
1290,1290,93,50,15.603847026824951
1291,1291,85,50,15.615120887756348
1292,1292,49,50,15.62642788887024
1293,1293,71,50,15.640307188034058
1294,1294,108,50,15.647088050842285
1295,1295,108,50,15.651624202728271
1296,1296,108,50,15.651624202728271
1297,1297,96,50,15.688013076782227
1298,1298,123,50,15.698832988739014
1299,1299,71,50,15.70973801612854
1300,1300,17,50,15.721374988555908
1301,1301,17,50,15.721374988555908
1302,1302,17,50,15.721374988555908
1303,1303,55,50,15.760735034942627
1304,1304,96,50,15.77115511894226
1305,1305,68,50,15.779111862182617
1306,1306,68,50,15.779111862182617
1307,1307,68,50,15.779111862182617
1308,1308,70,50,15.818840026855469
1309,1309,73,50,15.832669019699097
1310,1310,56,50,15.843859195709229
1311,1311,56,50,15.843859195709229
1312,1312,56,50,15.843859195709229
1313,1313,55,50,15.879987239837646
1314,1314,69,50,15.89300012588501
1315,1315,36,50,15.903730154037476
1316,1316,38,50,15.911458015441895
1317,1317,43,50,15.924030065536499
1318,1318,112,50,15.938390970230103
1319,1319,89,50,15.94191598892212
1320,1320,89,50,15.94191598892212
1321,1321,44,50,15.972203969955444
1322,1322,77,50,15.984882116317749
1323,1323,64,50,15.999709129333496
1324,1324,41,50,16.010660886764526
1325,1325,57,50,16.02460503578186
1326,1326,70,50,16.03478217124939
1327,1327,53,50,16.049673080444336
1328,1328,44,50,16.061235904693604
1329,1329,25,50,16.072558164596558
1330,1330,0,50,16.083901166915894
1331,1331,43,50,16.09469723701477
1332,1332,40,50,16.10977792739868
1333,1333,74,50,16.120230436325073
1334,1334,69,50,16.13479208946228
1335,1335,93,50,16.14625906944275
1336,1336,99,50,16.157449960708618
1337,1337,61,50,16.168943166732788
1338,1338,85,50,16.1834659576416
1339,1339,64,50,16.194717168807983
1340,1340,88,50,16.20657515525818
1341,1341,23,50,16.218119859695435
1342,1342,113,50,16.229443073272705
1343,1343,54,50,16.240999937057495
1344,1344,55,50,16.253318071365356
1345,1345,55,50,16.253318071365356
1346,1346,55,50,16.253318071365356
1347,1347,55,50,16.253318071365356
1348,1348,50,50,16.30001950263977
1349,1349,83,50,16.31094717979431
1350,1350,54,83,16.32241702079773
1351,1351,32,83,16.33661198616028
1352,1352,48,83,16.347543001174927
1353,1353,56,83,16.362468004226685
1354,1354,76,83,16.373726844787598
1355,1355,67,83,16.384708166122437
1356,1356,41,83,16.396233081817627
1357,1357,10,83,16.40719985961914
1358,1358,-9,83,16.42262601852417
1359,1359,55,83,16.4338481426239
1360,1360,96,83,16.444711923599243
1361,1361,80,83,16.456037044525146
1362,1362,54,83,16.46732521057129
1363,1363,58,83,16.478703022003174
1364,1364,103,83,16.493856191635132
1365,1365,99,83,16.504728078842163
1366,1366,93,83,16.51626420021057
1367,1367,96,83,16.5304172039032
1368,1368,100,83,16.541364192962646
1369,1369,71,83,16.553091049194336
1370,1370,72,83,16.557333946228027
1371,1371,72,83,16.557333946228027
1372,1372,58,83,16.590609073638916
1373,1373,75,83,16.60187005996704
1374,1374,56,83,16.61315608024597
1375,1375,34,83,16.627256155014038
1376,1376,48,83,16.63874912261963
1377,1377,84,83,16.64964008331299
1378,1378,102,83,16.661401987075806
1379,1379,103,83,16.672427892684937
1380,1380,91,83,16.687236070632935
1381,1381,83,83,16.69847798347473
1382,1382,100,83,16.70999312400818
1383,1383,85,83,16.72093963623047
1384,1384,37,83,16.737364053726196
1385,1385,37,83,16.74895191192627
1386,1386,54,83,16.759785175323486
1387,1387,52,83,16.771209955215454
1388,1388,42,83,16.78217315673828
1389,1389,69,83,16.79394006729126
1390,1390,101,83,16.808770895004272
1391,1391,100,83,16.8197181224823
1392,1392,88,83,16.83208918571472
1393,1393,64,83,16.839911460876465
1394,1394,23,83,16.85195803642273
1395,1395,23,83,16.85195803642273
1396,1396,55,83,16.878663063049316
1397,1397,51,83,16.889451026916504
1398,1398,37,83,16.903741121292114
1399,1399,28,83,16.90816617012024
1400,1400,38,83,16.923934936523438
1401,1401,20,83,16.93845295906067
1402,1402,1,83,16.949705600738525
1403,1403,-44,83,16.961113214492798
1404,1404,-17,83,16.972456216812134
1405,1405,48,83,16.98365092277527
1406,1406,66,83,16.991929054260254
1407,1407,66,83,16.991929054260254
1408,1408,77,83,17.02434206008911
1409,1409,121,83,17.03729820251465
1410,1410,91,83,17.047286987304688
1411,1411,28,83,17.058714151382446
1412,1412,44,83,17.069677114486694
1413,1413,76,83,17.080906867980957
1414,1414,21,83,17.092477083206177
1415,1415,22,83,17.103416919708252
1416,1416,55,83,17.118449211120605
1417,1417,98,83,17.130120038986206
1418,1418,100,83,17.140562057495117
1419,1419,45,83,17.14841890335083
1420,1420,45,83,17.14841890335083
1421,1421,90,83,17.177227020263672
1422,1422,118,83,17.19110107421875
1423,1423,82,83,17.203304052352905
1424,1424,39,83,17.211154460906982
1425,1425,38,83,17.225982904434204
1426,1426,40,83,17.237653970718384
1427,1427,74,83,17.24887490272522
1428,1428,65,83,17.26356792449951
1429,1429,75,83,17.274585962295532
1430,1430,86,83,17.28591513633728
1431,1431,25,83,17.301265001296997
1432,1432,36,83,17.312448024749756
1433,1433,96,83,17.324015140533447
1434,1434,128,83,17.338787078857422
1435,1435,61,83,17.349355220794678
1436,1436,17,83,17.364424228668213
1437,1437,86,83,17.375836849212646
1438,1438,53,83,17.386982202529907
1439,1439,71,83,17.398870944976807
1440,1440,83,83,17.409730672836304
1441,1441,90,83,17.424675941467285
1442,1442,59,83,17.4321551322937
1443,1443,-1,83,17.446603059768677
1444,1444,-3,83,17.45081615447998
1445,1445,-3,83,17.45081615447998
1446,1446,38,83,17.482728481292725
1447,1447,129,83,17.49372100830078
1448,1448,86,83,17.504802942276
1449,1449,55,83,17.5199134349823
1450,1450,38,83,17.530264139175415
1451,1451,69,83,17.53384017944336
1452,1452,69,83,17.53384017944336
1453,1453,69,83,17.53384017944336
1454,1454,59,83,17.58163022994995
1455,1455,40,83,17.59449005126953
1456,1456,75,83,17.604847192764282
1457,1457,57,83,17.608717918395996
1458,1458,57,83,17.608717918395996
1459,1459,42,83,17.646268129348755
1460,1460,74,83,17.65622043609619
1461,1461,74,83,17.65622043609619
1462,1462,74,83,17.65622043609619
1463,1463,74,83,17.65622043609619
1464,1464,73,83,17.702285051345825
1465,1465,74,83,17.7154061794281
1466,1466,66,83,17.72261142730713
1467,1467,66,83,17.72261142730713
1468,1468,66,83,17.72261142730713
1469,1469,66,83,17.72261142730713
1470,1470,66,83,17.774411916732788
1471,1471,66,83,17.774411916732788
1472,1472,66,83,17.774411916732788
1473,1473,66,83,17.774411916732788
1474,1474,53,83,17.824928045272827
1475,1475,54,83,17.84024214744568
1476,1476,33,83,17.85231900215149
1477,1477,-23,83,17.86245107650757
1478,1478,2,83,17.873475074768066
1479,1479,49,83,17.88516616821289
1480,1480,41,83,17.899620056152344
1481,1481,55,83,17.911173105239868
1482,1482,67,83,17.92200994491577
1483,1483,41,83,17.937093019485474
1484,1484,32,83,17.94865918159485
1485,1485,64,83,17.959748029708862
1486,1486,72,83,17.97123408317566
1487,1487,99,83,17.98659586906433
1488,1488,83,83,17.997413158416748
1489,1489,82,83,18.008588075637817
1490,1490,44,83,18.023485898971558
1491,1491,52,83,18.031219959259033
1492,1492,36,83,18.04558491706848
1493,1493,21,83,18.050220012664795
1494,1494,21,83,18.050220012664795
1495,1495,82,83,18.080419063568115
1496,1496,84,83,18.093803644180298
1497,1497,65,83,18.103057146072388
1498,1498,52,83,18.114330053329468
1499,1499,67,83,18.12945294380188
1500,1500,61,83,18.14181900024414
1501,1501,50,83,18.152420043945312
1502,1502,89,83,18.163899183273315
1503,1503,77,83,18.174755096435547
1504,1504,51,83,18.18739604949951
1505,1505,51,83,18.18739604949951
1506,1506,39,83,18.208044052124023
1507,1507,22,83,18.21282410621643
1508,1508,22,83,18.21282410621643
1509,1509,82,83,18.248318195343018
1510,1510,91,83,18.256247997283936
1511,1511,55,83,18.27000379562378
1512,1512,37,83,18.277076244354248
1513,1513,66,80,18.29503607749939
1514,1514,71,80,18.305970430374146
1515,1515,53,80,18.317267179489136
1516,1516,32,80,18.328532218933105
1517,1517,42,80,18.339926958084106
1518,1518,50,80,18.351372003555298
1519,1519,50,80,18.351372003555298
1520,1520,61,80,18.37812089920044
1521,1521,76,80,18.392736673355103
1522,1522,70,80,18.403435945510864
1523,1523,44,80,18.418413162231445
1524,1524,35,80,18.430041074752808
1525,1525,71,80,18.44246006011963
1526,1526,99,80,18.453235864639282
1527,1527,89,80,18.460939645767212
1528,1528,90,80,18.477186679840088
1529,1529,75,80,18.488563060760498
1530,1530,74,80,18.499594926834106
1531,1531,88,80,18.510885000228882
1532,1532,13,80,18.522691011428833
1533,1533,58,80,18.533411979675293
1534,1534,52,80,18.544965028762817
1535,1535,44,80,18.55997610092163
1536,1536,67,80,18.57198405265808
1537,1537,48,80,18.58318066596985
1538,1538,34,80,18.594566106796265
1539,1539,98,80,18.60953688621521
1540,1540,90,80,18.620564222335815
1541,1541,52,80,18.63191246986389
1542,1542,41,80,18.64247417449951
1543,1543,41,80,18.650836944580078
1544,1544,41,80,18.650836944580078
1545,1545,65,80,18.679582118988037
1546,1546,83,80,18.690711975097656
1547,1547,76,80,18.70597505569458
1548,1548,40,80,18.717164039611816
1549,1549,70,80,18.728253841400146
1550,1550,50,80,18.743419885635376
1551,1551,67,80,18.754854440689087
1552,1552,76,80,18.76594305038452
1553,1553,86,80,18.777360916137695
1554,1554,99,80,18.788233280181885
1555,1555,97,80,18.799542903900146
1556,1556,57,80,18.81056809425354
1557,1557,75,80,18.826234102249146
1558,1558,75,80,18.826234102249146
1559,1559,49,80,18.850924015045166
1560,1560,109,80,18.86218786239624
1561,1561,71,80,18.87342405319214
1562,1562,36,80,18.88741421699524
1563,1563,36,80,18.898807048797607
1564,1564,43,80,18.909698963165283
1565,1565,82,80,18.92122793197632
1566,1566,58,80,18.932170867919922
1567,1567,64,80,18.9467670917511
1568,1568,66,80,18.95113205909729
1569,1569,66,80,18.95113205909729
1570,1570,55,80,18.9819118976593
1571,1571,120,80,18.99579644203186
1572,1572,76,80,19.006035089492798
1573,1573,57,80,19.019316911697388
1574,1574,60,80,19.029864072799683
1575,1575,53,80,19.04121994972229
1576,1576,83,80,19.052295923233032
1577,1577,44,80,19.063297033309937
1578,1578,81,80,19.074594974517822
1579,1579,81,80,19.091039180755615
1580,1580,66,80,19.102607011795044
1581,1581,64,80,19.113405227661133
1582,1582,64,80,19.128434896469116
1583,1583,99,80,19.139689207077026
1584,1584,60,80,19.151309967041016
1585,1585,49,80,19.16222882270813
1586,1586,41,80,19.173997163772583
1587,1587,74,80,19.186177015304565
1588,1588,90,80,19.199318885803223
1589,1589,37,80,19.210474967956543
1590,1590,105,80,19.21866202354431
1591,1591,105,80,19.21866202354431
1592,1592,105,80,19.21866202354431
1593,1593,84,80,19.25028920173645
1594,1594,84,80,19.25028920173645
1595,1595,84,80,19.25028920173645
1596,1596,70,80,19.290332078933716
1597,1597,68,64,19.297897815704346
1598,1598,68,64,19.297897815704346
1599,1599,68,64,19.297897815704346
1600,1600,71,64,19.34439206123352
1601,1601,45,64,19.35519003868103
1602,1602,18,64,19.36618423461914
1603,1603,18,64,19.36618423461914
1604,1604,18,64,19.36618423461914
1605,1605,24,64,19.404623985290527
1606,1606,86,64,19.41506028175354
1607,1607,64,64,19.427367210388184
1608,1608,65,64,19.43912100791931
1609,1609,68,64,19.453225135803223
1610,1610,36,64,19.463955402374268
1611,1611,28,64,19.468448877334595
1612,1612,25,64,19.48356604576111
1613,1613,52,64,19.498420000076294
1614,1614,77,64,19.508422136306763
1615,1615,115,64,19.51966404914856
1616,1616,92,64,19.535050868988037
1617,1617,59,64,19.54628300666809
1618,1618,33,64,19.55093288421631
1619,1619,33,64,19.55093288421631
1620,1620,29,64,19.5817449092865
1621,1621,67,64,19.593823194503784
1622,1622,91,64,19.603461027145386
1623,1623,59,64,19.61870503425598
1624,1624,9,64,19.629868030548096
1625,1625,83,64,19.640938997268677
1626,1626,68,64,19.656235933303833
1627,1627,33,64,19.663846015930176
1628,1628,66,64,19.674794673919678
1629,1629,105,64,19.6901216506958
1630,1630,87,64,19.700862646102905
1631,1631,103,64,19.708903074264526
1632,1632,103,64,19.708903074264526
1633,1633,83,64,19.738526821136475
1634,1634,57,64,19.749306201934814
1635,1635,21,64,19.763620853424072
1636,1636,80,64,19.77465009689331
1637,1637,50,64,19.786440134048462
1638,1638,53,64,19.796921014785767
1639,1639,91,64,19.808019399642944
1640,1640,84,64,19.81490707397461
1641,1641,84,64,19.81490707397461
1642,1642,84,64,19.81490707397461
1643,1643,84,64,19.81490707397461
1644,1644,84,64,19.81490707397461
1645,1645,84,64,19.81490707397461
1646,1646,84,64,19.81490707397461
1647,1647,84,64,19.81490707397461
1648,1648,82,64,19.917726039886475
1649,1649,60,64,19.920665979385376
1650,1650,60,64,19.920665979385376
1651,1651,60,64,19.920665979385376
1652,1652,60,64,19.920665979385376
1653,1653,91,64,19.981359004974365
1654,1654,65,64,19.985082149505615
1655,1655,65,64,19.985082149505615
1656,1656,27,64,20.018763065338135
1657,1657,65,64,20.030506134033203
1658,1658,27,64,20.04342222213745
1659,1659,-17,64,20.055111408233643
1660,1660,18,64,20.06608295440674
1661,1661,10,64,20.077136039733887
1662,1662,37,64,20.088665008544922
1663,1663,60,64,20.103251218795776
1664,1664,54,64,20.106456995010376
1665,1665,61,64,20.125274181365967
1666,1666,80,64,20.135910034179688
1667,1667,76,64,20.146982192993164
1668,1668,72,64,20.151306867599487
1669,1669,72,64,20.151306867599487
1670,1670,34,64,20.18567705154419
1671,1671,105,64,20.19689106941223
1672,1672,67,64,20.208940029144287
1673,1673,40,64,20.219747066497803
1674,1674,28,64,20.23126244544983
1675,1675,11,64,20.245975971221924
1676,1676,57,64,20.25338912010193
1677,1677,41,64,20.2646222114563
1678,1678,49,64,20.27959394454956
1679,1679,70,51,20.29109811782837
1680,1680,43,51,20.302181005477905
1681,1681,39,51,20.31694984436035
1682,1682,55,51,20.328553915023804
1683,1683,85,51,20.34322690963745
1684,1684,101,51,20.354289054870605
1685,1685,65,51,20.365846633911133
1686,1686,61,51,20.376983165740967
1687,1687,54,51,20.388386964797974
1688,1688,39,51,20.399315118789673
1689,1689,80,51,20.411200046539307
1690,1690,64,51,20.421863079071045
1691,1691,84,51,20.43682599067688
1692,1692,64,51,20.44904112815857
1693,1693,69,51,20.453124046325684
1694,1694,69,51,20.453124046325684
1695,1695,39,51,20.484652996063232
1696,1696,104,51,20.499495029449463
1697,1697,71,51,20.507385969161987
1698,1698,69,51,20.515960931777954
1699,1699,69,51,20.515960931777954
1700,1700,98,51,20.54554319381714
1701,1701,92,51,20.556226015090942
1702,1702,24,51,20.570684909820557
1703,1703,29,51,20.58189105987549
1704,1704,48,51,20.593695640563965
1705,1705,59,51,20.60481309890747
1706,1706,66,51,20.618964195251465
1707,1707,55,51,20.630420923233032
1708,1708,57,51,20.644641876220703
1709,1709,51,51,20.6561381816864
1710,1710,60,51,20.6671359539032
1711,1711,87,51,20.682204008102417
1712,1712,93,51,20.689702033996582
1713,1713,128,51,20.70474600791931
1714,1714,73,51,20.71731400489807
1715,1715,81,51,20.728453874588013
1716,1716,69,51,20.739500045776367
1717,1717,83,51,20.74702000617981
1718,1718,83,51,20.74702000617981
1719,1719,97,51,20.776297092437744
1720,1720,66,51,20.78478217124939
1721,1721,84,51,20.80304503440857
1722,1722,89,51,20.813075065612793
1723,1723,9,51,20.824819803237915
1724,1724,37,51,20.835848093032837
1725,1725,34,51,20.84742498397827
1726,1726,34,51,20.84742498397827
1727,1727,8,51,20.871257066726685
1728,1728,97,51,20.882460117340088
1729,1729,76,51,20.886385917663574
1730,1730,76,51,20.886385917663574
1731,1731,76,51,20.886385917663574
1732,1732,76,51,20.886385917663574
1733,1733,76,51,20.886385917663574
1734,1734,76,51,20.886385917663574
1735,1735,67,51,20.966822147369385
1736,1736,12,51,20.979660987854004
1737,1737,118,51,20.987938165664673
1738,1738,69,51,20.998225927352905
1739,1739,69,51,20.998225927352905
1740,1740,69,51,20.998225927352905
1741,1741,76,51,21.043198108673096
1742,1742,83,51,21.04975390434265
1743,1743,83,51,21.04975390434265
1744,1744,83,51,21.04975390434265
1745,1745,83,51,21.04975390434265
1746,1746,83,51,21.04975390434265
1747,1747,56,51,21.117064237594604
1748,1748,69,51,21.12796401977539
1749,1749,48,51,21.141067028045654
1750,1750,60,51,21.15492606163025
1751,1751,19,51,21.162453651428223
1752,1752,12,51,21.175682067871094
1753,1753,108,51,21.186190128326416
1754,1754,115,51,21.189977884292603
1755,1755,115,51,21.189977884292603
1756,1756,115,51,21.189977884292603
1757,1757,64,51,21.23498010635376
1758,1758,55,51,21.242332220077515
1759,1759,55,51,21.242332220077515
1760,1760,55,51,21.242332220077515
1761,1761,89,51,21.283941984176636
1762,1762,34,51,21.293927907943726
1763,1763,34,51,21.293927907943726
1764,1764,34,51,21.293927907943726
1765,1765,34,51,21.293927907943726
1766,1766,38,47,21.342693090438843
1767,1767,27,47,21.349040031433105
1768,1768,27,47,21.349040031433105
1769,1769,27,47,21.349040031433105
1770,1770,27,47,21.349040031433105
1771,1771,56,47,21.406033039093018
1772,1772,23,47,21.418251991271973
1773,1773,73,47,21.425976037979126
1774,1774,-3,47,21.44042420387268
1775,1775,-30,47,21.45128321647644
1776,1776,59,47,21.463000059127808
1777,1777,81,47,21.473400115966797
1778,1778,80,47,21.487958908081055
1779,1779,61,47,21.49830913543701
1780,1780,65,47,21.508634090423584
1781,1781,64,47,21.516116857528687
1782,1782,64,47,21.516116857528687
1783,1783,21,47,21.54696798324585
1784,1784,92,47,21.5611310005188
1785,1785,92,47,21.5611310005188
1786,1786,92,47,21.5611310005188
1787,1787,92,47,21.5611310005188
1788,1788,102,47,21.611539125442505
1789,1789,96,47,21.623605012893677
1790,1790,80,47,21.62755298614502
1791,1791,80,47,21.62755298614502
1792,1792,64,47,21.660606145858765
1793,1793,42,47,21.670500993728638
1794,1794,42,47,21.670500993728638
1795,1795,42,47,21.670500993728638
1796,1796,42,47,21.670500993728638
1797,1797,42,47,21.670500993728638
1798,1798,77,47,21.73448920249939
1799,1799,53,47,21.745184898376465
1800,1800,90,47,21.75613784790039
1801,1801,75,47,21.759953022003174
1802,1802,75,47,21.759953022003174
1803,1803,36,47,21.795547008514404
1804,1804,57,47,21.80868911743164
1805,1805,24,47,21.820010900497437
1806,1806,28,47,21.829411029815674
1807,1807,84,47,21.843751907348633
1808,1808,57,47,21.85441517829895
1809,1809,41,47,21.867913246154785
1810,1810,28,47,21.88221502304077
1811,1811,23,47,21.893520832061768
1812,1812,20,47,21.9047110080719
1813,1813,54,47,21.915958881378174
1814,1814,34,47,21.93086886405945
1815,1815,55,47,21.94240093231201
1816,1816,70,47,21.948965072631836
1817,1817,70,47,21.948965072631836
1818,1818,87,47,21.981909036636353
1819,1819,73,47,21.994919061660767
1820,1820,55,47,22.007230043411255
1821,1821,56,47,22.019683122634888
1822,1822,69,47,22.024038076400757
1823,1823,69,47,22.024038076400757
1824,1824,69,47,22.024038076400757
1825,1825,139,47,22.070136070251465
1826,1826,80,47,22.082366228103638
1827,1827,53,47,22.09223699569702
1828,1828,29,47,22.10346794128418
1829,1829,22,47,22.11873698234558
1830,1830,54,47,22.12964391708374
1831,1831,2,47,22.14151382446289
1832,1832,36,47,22.153056144714355
1833,1833,25,47,22.163389205932617
1834,1834,56,47,22.174917936325073
1835,1835,82,47,22.186400890350342
1836,1836,86,47,22.197499990463257
1837,1837,74,47,22.208611011505127
1838,1838,67,47,22.223268032073975
1839,1839,57,47,22.23498010635376
1840,1840,21,47,22.245843172073364
1841,1841,39,47,22.249794960021973
1842,1842,39,47,22.249794960021973
1843,1843,33,47,22.284293174743652
1844,1844,56,44,22.295956134796143
1845,1845,54,44,22.30713415145874
1846,1846,82,44,22.31849503517151
1847,1847,85,44,22.329540967941284
1848,1848,57,44,22.340902090072632
1849,1849,52,44,22.352322101593018
1850,1850,61,44,22.367526054382324
1851,1851,76,44,22.378396034240723
1852,1852,104,44,22.39003014564514
1853,1853,65,44,22.40495204925537
1854,1854,61,44,22.415936946868896
1855,1855,48,44,22.430922985076904
1856,1856,77,44,22.442403078079224
1857,1857,57,44,22.45339012145996
1858,1858,76,44,22.464066982269287
1859,1859,75,44,22.478750944137573
1860,1860,77,44,22.48974108695984
1861,1861,28,44,22.504637241363525
1862,1862,56,44,22.516125917434692
1863,1863,76,44,22.52712607383728
1864,1864,66,44,22.538756132125854
1865,1865,36,44,22.550956964492798
1866,1866,36,44,22.550956964492798
1867,1867,59,44,22.577098846435547
1868,1868,124,44,22.59062385559082
1869,1869,121,44,22.599630117416382
1870,1870,60,44,22.610878467559814
1871,1871,66,44,22.626085996627808
1872,1872,82,44,22.637201070785522
1873,1873,38,44,22.648622035980225
1874,1874,16,44,22.664819478988647
1875,1875,10,44,22.668657064437866
1876,1876,36,44,22.68594741821289
1877,1877,70,44,22.700793981552124
1878,1878,45,44,22.712054014205933
1879,1879,50,44,22.723695993423462
1880,1880,51,44,22.73836612701416
1881,1881,32,44,22.750108003616333
1882,1882,44,44,22.760855197906494
1883,1883,108,44,22.77501893043518
1884,1884,86,44,22.78624391555786
1885,1885,50,44,22.79716992378235
1886,1886,27,44,22.8089439868927
1887,1887,50,44,22.819603443145752
1888,1888,17,44,22.83091711997986
1889,1889,67,44,22.845664978027344
1890,1890,84,44,22.850282907485962
1891,1891,84,44,22.850282907485962
1892,1892,117,44,22.880925178527832
1893,1893,129,44,22.898308992385864
1894,1894,56,44,22.910558938980103
1895,1895,64,44,22.921995639801025
1896,1896,37,44,22.93327307701111
1897,1897,52,44,22.948051929473877
1898,1898,72,44,22.959502935409546
1899,1899,41,44,22.970092058181763
1900,1900,34,44,22.985066175460815
1901,1901,73,44,22.996647119522095
1902,1902,56,44,23.007484912872314
1903,1903,58,44,23.01870822906494
1904,1904,-2,44,23.029763221740723
1905,1905,36,44,23.041099071502686
1906,1906,82,44,23.054099082946777
1907,1907,82,44,23.054099082946777
1908,1908,82,44,23.054099082946777
1909,1909,102,44,23.09129500389099
1910,1910,104,44,23.102302074432373
1911,1911,58,44,23.11358118057251
1912,1912,19,44,23.124932050704956
1913,1913,61,44,23.13961911201477
1914,1914,90,44,23.152371644973755
1915,1915,90,44,23.152371644973755
1916,1916,59,44,23.177430629730225
1917,1917,86,44,23.18838667869568
1918,1918,67,44,23.19910192489624
1919,1919,54,44,23.20471501350403
1920,1920,35,44,23.228316068649292
1921,1921,37,44,23.240398168563843
1922,1922,60,44,23.250447034835815
1923,1923,88,44,23.261708974838257
1924,1924,65,44,23.27304482460022
1925,1925,64,48,23.283863067626953
1926,1926,51,48,23.29889488220215
1927,1927,54,48,23.307126998901367
1928,1928,58,48,23.32330894470215
1929,1929,71,48,23.33545708656311
1930,1930,57,48,23.348682165145874
1931,1931,18,48,23.35964012145996
1932,1932,49,48,23.37461805343628
1933,1933,53,48,23.385581016540527
1934,1934,38,48,23.396197080612183
1935,1935,99,48,23.411073207855225
1936,1936,102,48,23.422248125076294
1937,1937,93,48,23.433581113815308
1938,1938,42,48,23.44879388809204
1939,1939,41,48,23.453449249267578
1940,1940,41,48,23.453449249267578
1941,1941,75,48,23.483169078826904
1942,1942,123,48,23.497465133666992
1943,1943,58,48,23.50843644142151
1944,1944,8,48,23.523351907730103
1945,1945,44,48,23.535006999969482
1946,1946,6,48,23.54628300666809
1947,1947,37,48,23.558727025985718
1948,1948,69,48,23.57068109512329
1949,1949,115,48,23.58241891860962
1950,1950,101,48,23.59335207939148
1951,1951,71,48,23.60840392112732
1952,1952,25,48,23.61988401412964
1953,1953,60,48,23.630855083465576
1954,1954,114,48,23.642739057540894
1955,1955,80,48,23.653348207473755
1956,1956,100,48,23.6649169921875
1957,1957,64,48,23.67587399482727
1958,1958,83,48,23.688252210617065
1959,1959,41,48,23.699776887893677
1960,1960,42,48,23.711133241653442
1961,1961,53,48,23.722100019454956
1962,1962,21,48,23.737401962280273
1963,1963,52,48,23.748427867889404
1964,1964,48,48,23.752542972564697
1965,1965,48,48,23.752542972564697
1966,1966,68,48,23.78719711303711
1967,1967,73,48,23.798295974731445
1968,1968,19,48,23.809747219085693
1969,1969,39,48,23.82088303565979
1970,1970,10,48,23.832149982452393
1971,1971,68,48,23.84357786178589
1972,1972,82,48,23.854591846466064
1973,1973,65,48,23.866145849227905
1974,1974,66,48,23.877140998840332
1975,1975,74,48,23.893201112747192
1976,1976,80,48,23.90481185913086
1977,1977,37,48,23.915807962417603
1978,1978,67,48,23.930822134017944
1979,1979,58,48,23.94205403327942
1980,1980,64,48,23.94708013534546
1981,1981,72,48,23.96729564666748
1982,1982,73,48,23.978379011154175
1983,1983,84,48,23.989748001098633
1984,1984,39,48,24.003400087356567
1985,1985,81,48,24.01383686065674
1986,1986,67,48,24.028353929519653
1987,1987,82,48,24.039636850357056
1988,1988,33,48,24.051626920700073
1989,1989,33,48,24.051626920700073
1990,1990,45,48,24.07571268081665
1991,1991,29,48,24.0870840549469
1992,1992,117,48,24.097667932510376
1993,1993,85,48,24.11049199104309
1994,1994,85,48,24.11049199104309
1995,1995,72,48,24.135987043380737
1996,1996,83,48,24.145498991012573
1997,1997,91,48,24.15675401687622
1998,1998,34,48,24.171767950057983
1999,1999,57,48,24.17983603477478
2000,2000,55,48,24.194902896881104
2001,2001,69,48,24.20574402809143
2002,2002,41,48,24.217203855514526
2003,2003,41,48,24.231739044189453
2004,2004,68,48,24.24279808998108
2005,2005,76,48,24.24616003036499
2006,2006,76,48,24.24616003036499
2007,2007,76,48,24.24616003036499
2008,2008,55,48,24.29211401939392
2009,2009,55,48,24.29211401939392
2010,2010,55,48,24.29211401939392
2011,2011,55,48,24.29211401939392
2012,2012,49,44,24.3390109539032
2013,2013,33,44,24.348230123519897
2014,2014,33,44,24.348230123519897
2015,2015,33,44,24.348230123519897
2016,2016,44,44,24.38891887664795
2017,2017,35,44,24.392730236053467
2018,2018,35,44,24.392730236053467
2019,2019,35,44,24.392730236053467
2020,2020,119,44,24.438467979431152
2021,2021,44,44,24.44977307319641
2022,2022,55,44,24.46415901184082
2023,2023,-10,44,24.47426199913025
2024,2024,24,44,24.487095832824707
2025,2025,18,44,24.497983932495117
2026,2026,75,44,24.511646270751953
2027,2027,48,44,24.522363424301147
2028,2028,54,44,24.537410974502563
2029,2029,65,44,24.548320055007935
2030,2030,57,44,24.55994701385498
2031,2031,49,44,24.570833921432495
2032,2032,68,44,24.582208156585693
2033,2033,77,44,24.58638644218445
2034,2034,97,44,24.606632232666016
2035,2035,44,44,24.617130994796753
2036,2036,98,44,24.6321280002594
2037,2037,22,44,24.63995385169983
2038,2038,65,44,24.651684999465942
2039,2039,65,44,24.651684999465942
2040,2040,57,44,24.67450189590454
2041,2041,29,44,24.685518980026245
2042,2042,58,44,24.696770668029785
2043,2043,9,44,24.711475133895874
2044,2044,50,44,24.722652196884155
2045,2045,69,44,24.733866930007935
2046,2046,54,44,24.744707107543945
2047,2047,56,44,24.755860090255737
2048,2048,9,44,24.770872116088867
2049,2049,39,44,24.78230905532837
2050,2050,26,44,24.793351888656616
2051,2051,57,44,24.804826974868774
2052,2052,124,44,24.818989992141724
2053,2053,87,44,24.831020832061768
2054,2054,87,44,24.831020832061768
2055,2055,108,44,24.85219407081604
2056,2056,86,44,24.867084980010986
2057,2057,64,44,24.87825918197632
2058,2058,22,44,24.889933109283447
2059,2059,59,44,24.904733180999756
2060,2060,60,44,24.91620111465454
2061,2061,117,44,24.92718005180359
2062,2062,85,44,24.938764095306396
2063,2063,60,44,24.950141191482544
2064,2064,60,44,24.950141191482544
2065,2065,41,44,24.977248191833496
2066,2066,74,44,24.9900119304657
2067,2067,114,44,25.0029878616333
2068,2068,70,44,25.015488147735596
2069,2069,70,44,25.025611877441406
2070,2070,76,44,25.040232181549072
2071,2071,103,44,25.050886869430542
2072,2072,70,44,25.065832138061523
2073,2073,26,44,25.07720112800598
2074,2074,57,44,25.088425874710083
2075,2075,43,44,25.103572130203247
2076,2076,69,44,25.114472150802612
2077,2077,43,44,25.124526977539062
2078,2078,48,44,25.13951539993286
2079,2079,51,44,25.1510272026062
2080,2080,41,44,25.162235021591187
2081,2081,80,44,25.177078008651733
2082,2082,67,44,25.184521436691284
2083,2083,61,44,25.19610619544983
2084,2084,69,44,25.206933975219727
2085,2085,92,44,25.222951889038086
2086,2086,75,44,25.227943897247314
2087,2087,61,44,25.24688959121704
2088,2088,49,44,25.255775928497314
2089,2089,49,44,25.255775928497314
2090,2090,49,44,25.255775928497314
2091,2091,49,44,25.255775928497314
2092,2092,71,44,25.310238122940063
2093,2093,112,43,25.321906089782715
2094,2094,32,43,25.33244299888611
2095,2095,19,43,25.347130060195923
2096,2096,34,43,25.35856318473816
2097,2097,26,43,25.369582176208496
2098,2098,87,43,25.384564638137817
2099,2099,92,43,25.396085023880005
2100,2100,76,43,25.407048225402832
2101,2101,87,43,25.41880702972412
2102,2102,92,43,25.43366503715515
2103,2103,54,43,25.44468903541565
2104,2104,41,43,25.456490993499756
2105,2105,58,43,25.470845460891724
2106,2106,36,43,25.48233199119568
2107,2107,55,43,25.49373197555542
2108,2108,48,43,25.50836944580078
2109,2109,45,43,25.519258975982666
2110,2110,51,43,25.52871608734131
2111,2111,86,43,25.54229712486267
2112,2112,91,43,25.545614004135132
2113,2113,91,43,25.545614004135132
2114,2114,91,43,25.581659078598022
2115,2115,88,43,25.592319011688232
2116,2116,88,43,25.592319011688232
2117,2117,88,43,25.592319011688232
2118,2118,88,43,25.592319011688232
2119,2119,73,43,25.63808512687683
2120,2120,72,43,25.65226101875305
2121,2121,54,43,25.659897089004517
2122,2122,54,43,25.659897089004517
2123,2123,54,43,25.659897089004517
2124,2124,-5,43,25.702834129333496
2125,2125,75,43,25.71359395980835
2126,2126,75,43,25.71359395980835
2127,2127,75,43,25.71359395980835
2128,2128,75,43,25.71359395980835
2129,2129,71,43,25.760841846466064
2130,2130,84,43,25.77477788925171
2131,2131,44,43,25.78257703781128
2132,2132,39,43,25.796261072158813
2133,2133,60,43,25.811116933822632
2134,2134,41,43,25.82209300994873
2135,2135,32,43,25.833493947982788
2136,2136,36,43,25.848361492156982
2137,2137,26,43,25.852565050125122
2138,2138,26,43,25.852565050125122
2139,2139,26,43,25.852565050125122
2140,2140,26,43,25.852565050125122
2141,2141,32,43,25.911140203475952
2142,2142,40,43,25.915135860443115
2143,2143,84,43,25.93695902824402
2144,2144,41,43,25.949663162231445
2145,2145,57,43,25.96082305908203
2146,2146,24,43,25.97208309173584
2147,2147,33,43,25.983400106430054
2148,2148,42,43,25.994797229766846
2149,2149,45,43,26.009557962417603
2150,2150,70,43,26.021093130111694
2151,2151,45,43,26.032042026519775
2152,2152,74,43,26.046841144561768
2153,2153,57,43,26.05815100669861
2154,2154,45,43,26.06935691833496
2155,2155,81,43,26.08119487762451
2156,2156,58,43,26.09203004837036
2157,2157,56,43,26.10692048072815
2158,2158,105,43,26.118901014328003
2159,2159,88,43,26.129948139190674
2160,2160,80,43,26.144160985946655
2161,2161,69,43,26.152542114257812
2162,2162,69,43,26.152542114257812
2163,2163,26,43,26.180670261383057
2164,2164,26,43,26.191927909851074
2165,2165,109,43,26.20308804512024
2166,2166,49,43,26.21791982650757
2167,2167,19,43,26.22955012321472
2168,2168,40,43,26.240362644195557
2169,2169,64,43,26.25212788581848
2170,2170,92,43,26.262981414794922
2171,2171,58,43,26.275070667266846
2172,2172,76,53,26.285821437835693
2173,2173,38,53,26.30158519744873
2174,2174,17,53,26.312125205993652
2175,2175,25,53,26.323389053344727
2176,2176,75,53,26.334846258163452
2177,2177,51,53,26.349236965179443
2178,2178,26,53,26.359913110733032
2179,2179,87,53,26.37122416496277
2180,2180,89,53,26.382224082946777
2181,2181,107,53,26.393298149108887
2182,2182,135,53,26.4048490524292
2183,2183,98,53,26.415828466415405
2184,2184,86,53,26.43091082572937
2185,2185,84,53,26.439700841903687
2186,2186,84,53,26.439700841903687
2187,2187,84,53,26.439700841903687
2188,2188,50,53,26.478995084762573
2189,2189,66,53,26.489673137664795
2190,2190,72,53,26.504307985305786
2191,2191,67,53,26.508760929107666
2192,2192,93,53,26.52977204322815
2193,2193,85,53,26.53946805000305
2194,2194,49,53,26.55358862876892
2195,2195,52,53,26.564812660217285
2196,2196,70,53,26.579517126083374
2197,2197,41,53,26.590298175811768
2198,2198,66,53,26.601173877716064
2199,2199,54,53,26.615819931030273
2200,2200,57,53,26.62690305709839
2201,2201,55,53,26.638495922088623
2202,2202,72,53,26.649933099746704
2203,2203,37,53,26.663859844207764
2204,2204,33,53,26.674614667892456
2205,2205,56,53,26.686138153076172
2206,2206,38,53,26.697176933288574
2207,2207,53,53,26.712099075317383
2208,2208,58,53,26.72360110282898
2209,2209,49,53,26.734600067138672
2210,2210,56,53,26.750051021575928
2211,2211,56,53,26.750051021575928
2212,2212,99,53,26.773789405822754
2213,2213,107,53,26.789412021636963
2214,2214,107,53,26.799527168273926
2215,2215,40,53,26.81509304046631
2216,2216,37,53,26.825825929641724
2217,2217,42,53,26.837340116500854
2218,2218,77,53,26.852111101150513
2219,2219,91,53,26.865238666534424
2220,2220,93,53,26.87588405609131
2221,2221,104,53,26.887280225753784
2222,2222,81,53,26.902057886123657
2223,2223,74,53,26.91361403465271
2224,2224,74,53,26.92455291748047
2225,2225,72,53,26.93611192703247
2226,2226,64,53,26.947063207626343
2227,2227,60,53,26.963099002838135
2228,2228,101,53,26.97441601753235
2229,2229,101,53,26.98542594909668
2230,2230,75,53,26.996927976608276
2231,2231,60,53,27.011502981185913
2232,2232,38,53,27.022269010543823
2233,2233,26,53,27.033477067947388
2234,2234,96,53,27.048508167266846
2235,2235,101,53,27.052734851837158
2236,2236,101,53,27.052734851837158
2237,2237,66,53,27.087344884872437
2238,2238,92,53,27.098323106765747
2239,2239,70,53,27.109573125839233
2240,2240,24,53,27.120827198028564
2241,2241,36,53,27.135984897613525
2242,2242,34,53,27.14760994911194
2243,2243,56,53,27.16202688217163
2244,2244,113,53,27.174595832824707
2245,2245,73,53,27.18458604812622
2246,2246,27,53,27.199702978134155
2247,2247,18,53,27.211422204971313
2248,2248,38,53,27.222028970718384
2249,2249,67,53,27.233691930770874
2250,2250,84,53,27.24457597732544
2251,2251,76,53,27.25949501991272
2252,2252,80,53,27.270185947418213
2253,2253,53,53,27.280910968780518
2254,2254,77,51,27.29622793197632
2255,2255,73,51,27.30711603164673
2256,2256,49,51,27.31869387626648
2257,2257,70,51,27.329657077789307
2258,2258,41,51,27.344497203826904
2259,2259,66,51,27.35246706008911
2260,2260,66,51,27.35246706008911
2261,2261,54,51,27.379348278045654
2262,2262,54,51,27.387609004974365
2263,2263,132,51,27.403341054916382
2264,2264,136,51,27.41422963142395
2265,2265,51,51,27.429225206375122
2266,2266,35,51,27.44047212600708
2267,2267,33,51,27.45172905921936
2268,2268,48,51,27.463741064071655
2269,2269,54,51,27.47140908241272
2270,2270,54,51,27.47140908241272
2271,2271,98,51,27.50027298927307
2272,2272,115,51,27.51100993156433
2273,2273,82,51,27.522067070007324
2274,2274,55,51,27.533349990844727
2275,2275,58,51,27.544579029083252
2276,2276,52,51,27.55614399909973
2277,2277,59,51,27.57109808921814
2278,2278,60,51,27.581268072128296
2279,2279,26,51,27.59636402130127
2280,2280,48,51,27.607061862945557
2281,2281,76,51,27.618693113327026
2282,2282,74,51,27.629585027694702
2283,2283,69,51,27.64089798927307
2284,2284,42,51,27.652788639068604
2285,2285,42,51,27.652788639068604
2286,2286,28,51,27.68171000480652
2287,2287,115,51,27.695178031921387
2288,2288,55,51,27.70711326599121
2289,2289,73,51,27.719074964523315
2290,2290,76,51,27.729913234710693
2291,2291,42,51,27.745001077651978
2292,2292,69,51,27.752389192581177
2293,2293,28,51,27.767180681228638
2294,2294,53,51,27.778200149536133
2295,2295,67,51,27.784969091415405
2296,2296,56,51,27.801997184753418
2297,2297,55,51,27.816694021224976
2298,2298,114,51,27.827827215194702
2299,2299,56,51,27.838694095611572
2300,2300,48,51,27.853713035583496
2301,2301,23,51,27.86456322669983
2302,2302,67,51,27.87611413002014
2303,2303,18,51,27.891316175460815
2304,2304,39,51,27.9020779132843
2305,2305,51,51,27.91427707672119
2306,2306,67,51,27.928736925125122
2307,2307,67,51,27.939568996429443
2308,2308,74,51,27.951786041259766
2309,2309,74,51,27.951786041259766
2310,2310,75,51,27.9744610786438
2311,2311,89,51,27.98633313179016
2312,2312,76,51,27.997096061706543
2313,2313,77,51,28.007901906967163
2314,2314,54,51,28.019460916519165
2315,2315,42,51,28.03057098388672
2316,2316,35,51,28.04199504852295
2317,2317,53,51,28.05293607711792
2318,2318,57,51,28.067596673965454
2319,2319,43,51,28.078824043273926
2320,2320,89,51,28.09309411048889
2321,2321,85,51,28.1042001247406
2322,2322,101,51,28.11567497253418
2323,2323,60,51,28.126728057861328
2324,2324,86,51,28.138063192367554
2325,2325,22,51,28.153182983398438
2326,2326,51,51,28.164288997650146
2327,2327,57,51,28.1757709980011
2328,2328,67,51,28.19084405899048
2329,2329,97,51,28.20209288597107
2330,2330,82,51,28.213732957839966
2331,2331,22,51,28.224584102630615
2332,2332,57,51,28.235939979553223
2333,2333,52,51,28.246843099594116
2334,2334,58,51,28.25180697441101
2335,2335,57,51,28.27443814277649
2336,2336,35,51,28.28556513786316
2337,2337,97,35,28.300579071044922
2338,2338,80,35,28.310697078704834
2339,2339,58,35,28.32603693008423
2340,2340,56,35,28.336878061294556
2341,2341,44,35,28.348562240600586
2342,2342,55,35,28.359524965286255
2343,2343,53,35,28.370947122573853
2344,2344,64,35,28.382078647613525
2345,2345,67,35,28.396197080612183
2346,2346,68,35,28.40762424468994
2347,2347,49,35,28.42197299003601
2348,2348,35,35,28.42672848701477
2349,2349,60,35,28.446572065353394
2350,2350,131,35,28.45938491821289
2351,2351,37,35,28.473063230514526
2352,2352,60,35,28.480653047561646
2353,2353,48,35,28.49024486541748
2354,2354,48,35,28.49024486541748
2355,2355,99,35,28.520092010498047
2356,2356,101,35,28.532164096832275
2357,2357,70,35,28.545974016189575
2358,2358,74,35,28.55039095878601
2359,2359,74,35,28.55039095878601
2360,2360,59,35,28.580841064453125
2361,2361,19,35,28.591786861419678
2362,2362,37,35,28.60753107070923
2363,2363,51,35,28.618216037750244
2364,2364,72,35,28.633184909820557
2365,2365,75,35,28.643543004989624
2366,2366,40,35,28.65845799446106
2367,2367,45,35,28.665836095809937
2368,2368,41,35,28.670736074447632
2369,2369,48,35,28.693312644958496
2370,2370,65,35,28.706480026245117
2371,2371,73,35,28.719547986984253
2372,2372,77,35,28.731218099594116
2373,2373,69,35,28.742366075515747
2374,2374,68,35,28.753331184387207
2375,2375,68,35,28.768294095993042
2376,2376,89,35,28.779829025268555
2377,2377,52,35,28.790722131729126
2378,2378,77,35,28.802048921585083
2379,2379,89,35,28.812939643859863
2380,2380,27,35,28.82442307472229
2381,2381,107,35,28.83968687057495
2382,2382,80,35,28.851423025131226
2383,2383,80,35,28.851423025131226
2384,2384,75,35,28.876198053359985
2385,2385,74,35,28.887038230895996
2386,2386,101,35,28.89829707145691
2387,2387,89,35,28.91330599784851
2388,2388,51,35,28.92455291748047
2389,2389,53,35,28.936382055282593
2390,2390,60,35,28.95077395439148
2391,2391,45,35,28.962324857711792
2392,2392,67,35,28.973294019699097
2393,2393,23,35,28.98486614227295
2394,2394,64,35,28.999841928482056
2395,2395,57,35,29.01353406906128
2396,2396,35,35,29.023781061172485
2397,2397,67,35,29.03796148300171
2398,2398,43,35,29.04947805404663
2399,2399,82,35,29.060498237609863
2400,2400,59,35,29.06836986541748
2401,2401,49,35,29.08311891555786
2402,2402,101,35,29.09791898727417
2403,2403,98,35,29.10926604270935
2404,2404,84,35,29.12360191345215
2405,2405,107,35,29.134927988052368
2406,2406,49,35,29.14599323272705
2407,2407,66,35,29.150434970855713
2408,2408,61,35,29.173595428466797
2409,2409,68,35,29.184255599975586
2410,2410,113,35,29.195548057556152
2411,2411,53,35,29.20677161216736
2412,2412,58,35,29.22186303138733
2413,2413,77,35,29.233016967773438
2414,2414,48,35,29.2442786693573
2415,2415,57,35,29.255475997924805
2416,2416,43,35,29.266897201538086
2417,2417,59,35,29.281245946884155
2418,2418,68,44,29.29240393638611
2419,2419,80,44,29.30357265472412
2420,2420,102,44,29.317816972732544
2421,2421,57,44,29.32879400253296
2422,2422,34,44,29.340702056884766
2423,2423,42,44,29.35205364227295
2424,2424,64,44,29.363259077072144
2425,2425,101,44,29.374534130096436
2426,2426,38,44,29.389666080474854
2427,2427,87,44,29.40106201171875
2428,2428,83,44,29.415667057037354
2429,2429,67,44,29.426183938980103
2430,2430,58,44,29.43742084503174
2431,2431,70,44,29.4526150226593
2432,2432,70,44,29.4526150226593
2433,2433,70,44,29.4526150226593
2434,2434,70,44,29.4526150226593
2435,2435,70,44,29.4526150226593
2436,2436,70,44,29.4526150226593
2437,2437,93,44,29.52599811553955
2438,2438,90,44,29.530006885528564
2439,2439,90,44,29.530006885528564
2440,2440,90,44,29.530006885528564
2441,2441,101,44,29.574939012527466
2442,2442,121,44,29.58593511581421
2443,2443,76,44,29.597290992736816
2444,2444,76,44,29.597290992736816
2445,2445,76,44,29.597290992736816
2446,2446,43,44,29.632983922958374
2447,2447,36,44,29.63625717163086
2448,2448,36,44,29.63625717163086
2449,2449,36,44,29.63625717163086
2450,2450,36,44,29.63625717163086
2451,2451,37,44,29.69171714782715
2452,2452,26,44,29.702084064483643
2453,2453,26,44,29.702084064483643
2454,2454,70,44,29.724674940109253
2455,2455,70,44,29.724674940109253
2456,2456,70,44,29.724674940109253
2457,2457,70,44,29.724674940109253
2458,2458,70,44,29.724674940109253
2459,2459,28,44,29.79110288619995
2460,2460,74,44,29.805824041366577
2461,2461,57,44,29.816845893859863
2462,2462,2,44,29.828456163406372
2463,2463,-40,44,29.839833974838257
2464,2464,-1,44,29.854976892471313
2465,2465,57,44,29.86575984954834
2466,2466,25,44,29.877172231674194
2467,2467,38,44,29.89190912246704
2468,2468,64,44,29.90298318862915
2469,2469,123,44,29.914430618286133
2470,2470,108,44,29.92709183692932
2471,2471,77,44,29.938297986984253
2472,2472,76,44,29.95051097869873
2473,2473,51,44,29.96204900741577
2474,2474,65,44,29.97325897216797
2475,2475,65,44,29.98454213142395
